Keysight Technologies, DSOV084A Oscilloscope
Time,Amplitude
Data, 
0.34966068630441477
0.31288801308281988
0.33667812410713954
0.32879117648430989
0.32971213899644974
0.33160855602861516
0.31717344430015532
0.33147787431217979
0.32641162872313378
0.35991732946649235
0.33513962623915666
0.33051228697860058
0.3310830339881225
0.32798896256446169
0.32489212892369235
0.33020692551545605
0.33718889644138761
0.33142490448074641
0.34099540295701142
0.33173491630080065
0.33352740985394663
0.34569990014303581
0.33769417751483449
0.32929150344842117
0.33187062153655145
0.33765753438737173
0.34881403760612412
0.33117637071459799
0.33138486390070049
0.34135184214353886
0.32624165378804859
0.33099957147381442
-0.93293968826034812
-0.93535719987047272
-0.93926786637374116
-0.93463916516137213
-0.96262529845475009
-0.9318295454599993
-0.94767715807846509
-0.9533489587412477
-0.93778843392383193
-0.93439564091720484
-0.9435581396454622
-0.94861124672080643
-0.93979100133172766
-0.940421978465943
-0.92875521467185518
-0.93402073610016512
-0.93844947482988295
-0.93110693435820802
-0.94164418439924624
-0.94740719658918693
-0.93532753351179798
-0.93533969265075445
-0.94171863128901478
-0.94626246862371166
-0.93816676875829386
-0.95995115422766386
-0.93447900183869748
-0.93606905391404005
-0.95311085715112387
-0.93950917192129457
-0.94771279730832991
-0.93394223164193479
-1.2262733381875475
-1.2173159563039566
-1.2043233600980634
-1.2007487916125428
-1.2272640430410096
-1.2139843187580104
-1.2073758392596594
-1.2148737291035989
-1.1972748781494149
-1.2195298134529422
-1.2071637444297045
-1.2183872441483561
-1.1987522964549209
-1.2101732098324445
-1.2129780045120049
-1.2237454795978608
-1.1965453956394665
-1.2039777712584208
-1.2039714892999251
-1.2008969499286577
-1.2072061873750157
-1.2151139728846114
-1.2164019298162407
-1.216401599834888
-1.1990394212693303
-1.2216830496095632
-1.2147709560941662
-1.2125699513542896
-1.2082030477972072
-1.2053972048919375
-1.2199927760727642
-1.2238401076101801
0.90996468613902426
0.91970851060228864
0.91605646447437228
0.91172520626959974
0.90746275484786121
0.91234586956640185
0.90805331931406263
0.91653765264394083
0.90364442128890499
0.91107391957669071
0.90911375891110724
0.91434687511624124
0.91179710818919502
0.93040027709046325
0.92198923806508393
0.92197389732414814
0.89368396929924288
0.90727746700238099
0.90513111507269661
0.91426177279911236
0.89176778808755741
0.91939598943207357
0.91853586648716257
0.89958343313403366
0.90217161177102878
0.90359062391375056
0.91034636720226514
0.91512776851751576
0.92638308844285866
0.90842043656089866
0.916140020471229
0.91124334248047556
1.2974127436045992
1.2892705962230258
1.294281736940329
1.2747119318150655
1.2817954076411255
1.2768231539585968
1.2953729125653997
1.2885944525638755
1.2808921779271132
1.27971359023677
1.2872106523589868
1.2777213690918967
1.2758886223236359
1.2871835292715055
1.3030383895901749
1.2813642649008148
1.2788864070869848
1.2739640786611288
1.2726532456728581
1.2875331992098471
1.2901397575955615
1.2834067311003932
1.2859939412427428
1.2842606659533899
1.284442572101711
1.2711240609126704
1.2796683871489394
1.2842251677940528
1.2770679990888236
1.2795218953824548
1.2767803718907114
1.2806653599397457
-0.94317513380539886
-0.95325264280524469
-0.95123096544157681
-0.94349025312449497
-0.94484183828674462
-0.93643833952832289
-0.96672388062502868
-0.94314512844381515
-0.95385827269418466
-0.94892246544945691
-0.94329824492080749
-0.94133397475446923
-0.9416851944775293
-0.94875914647137394
-0.93712269853585339
-0.95226379381772908
-0.95112785530456623
-0.94360519048884728
-0.95441097926384366
-0.93271274993038999
-0.941846347477163
-0.93259539741903685
-0.95021271349724623
-0.95306470840209045
-0.94866361598266458
-0.94412338797915041
-0.9546994214949921
-0.94696238602422034
-0.95013443423136668
-0.93707454591538841
-0.95530161449840689
-0.94163070582617026
0.018182425049013247
0.015648259788473937
0.01765093791432833
0.01381184643859534
0.024504136213864935
0.031583419701962635
0.024647852361611704
0.028327934230812323
0.036390726897934378
0.025493544910764131
0.024894632221038073
0.021132841589651119
0.010467395053243057
0.029411244788277988
0.0092816497523254861
0.028554744824403941
0.023218770647461681
0.032347584939816793
0.02279117124924962
0.016747732069671981
0.026196615467354006
0.018851444247668308
0.021885678736038808
0.02366829962822932
0.022256935639367963
0.021822915133542783
0.016673773427036909
0.021820263060590837
0.0062266084763651572
0.022074676571531473
0.013748885445877941
0.032295442856109489
0.53349274731190333
0.50772512708916329
0.52449266765626046
0.52232242195599932
0.51495960829268639
0.52758655847452529
0.5196398169760954
0.50919254056784047
0.52119992011687755
0.52214730838693257
0.52418478147926506
0.51348346934347122
0.52825878074870602
0.52921699003892442
0.51416671511849399
0.51806248878146788
0.52269063482269851
0.51880593071723435
0.5372833702121308
0.5250003102625993
0.51524867704249977
0.51702846191233509
0.52287357126728751
0.54169956379940221
0.52190721875874879
0.5243531446872518
0.52744569635859873
0.52301232584322899
0.54157862031386694
0.51908113375713205
0.52928695833449957
0.5246168370852019
-0.92503042901426868
-0.93941314366735795
-0.91585509843914248
-0.93097222005730773
-0.92972669390345997
-0.93747981009495007
-0.9358375621454661
-0.92548608453465575
-0.92210800091111467
-0.92397396247397012
-0.92032823800249153
-0.92428408870248324
-0.92977230533314525
-0.92330779208444391
-0.92525117407673618
-0.93080460213233163
-0.92419141825167872
-0.91971442084376753
-0.92812342940852643
-0.93284964077944665
-0.92425030901630945
-0.9147942260973394
-0.9316844963452996
-0.93073847697692791
-0.93109118025627702
-0.92021586073469619
-0.94469758605530529
-0.92707323703402034
-0.9204618886739131
-0.93650706536721262
-0.91808818073470022
-0.92571752793223772
0.74560771266195969
0.7516331185550218
0.73772406302987037
0.74547543171051622
0.76461523054039449
0.7428495676140936
0.76475657385528939
0.74934741129447779
0.75795730307181153
0.75035117618119584
0.73206814765101069
0.74541878951212404
0.75151882877265108
0.74079240232833521
0.73922071413381929
0.75292948682978345
0.74480468000178024
0.73643338223215482
0.74452707861114842
0.75688590058687777
0.7462100314393405
0.75747818057161487
0.76221818210119874
0.75026012320396418
0.7409625332522769
0.73958747923488155
0.74978996916650265
0.75704844541606586
0.75215212262650688
0.75437805752150577
0.74645326575275739
0.75240338207318347
-0.72043713679368682
-0.71927154589504338
-0.72700463845322083
-0.72924437064446412
-0.72052232020137819
-0.72552746139088897
-0.72433663242762525
-0.71129828696294362
-0.7175233140384536
-0.69335365956248629
-0.70925593006328091
-0.7217321675881031
-0.71044260792990743
-0.71381223556314677
-0.72215211530280532
-0.70784590692998717
-0.72286929552958079
-0.7411337166855595
-0.7103141485935478
-0.72160473961560889
-0.70477836672783034
-0.72186404432040185
-0.7261175006409496
-0.70427897333913103
-0.72527065326774953
-0.7150395171346462
-0.70506884910029277
-0.71575068791937957
-0.71731134598920898
-0.71584727916875812
-0.70995423744875596
-0.72312116394410508
0.74821846132769954
0.74794993666884912
0.76199502953639375
0.74064112909390534
0.73601469445973011
0.74921882951738672
0.74015607533593963
0.74564626266440048
0.74439394551357541
0.75268048502393825
0.73807863345197289
0.74259509710246807
0.72291643213962997
0.73621242216309801
0.75562404382564186
0.73788128601617853
0.73772151879019376
0.7335900758774534
0.74797200765082072
0.74475725464030751
0.73383839845629006
0.74867293632604792
0.74541418037207863
0.74936560036879085
0.73820149726591588
0.7572374033952175
0.74661227418080867
0.74239821719752386
0.73918265908047476
0.7413747143598276
0.75020366928788951
0.74118159979654641
0.57195848432299812
0.56797874271382598
0.57410529472382543
0.56984616716046266
0.56282981920264652
0.54805861379608078
0.56572189797730976
0.56964594159644055
0.56463647158443009
0.56778478706733271
0.55956037255055369
0.56028951267764482
0.55579422098214082
0.57422853655591366
0.56460048744207825
0.55939344465695195
0.55267851327549611
0.56210687512346869
0.5748743828690337
0.56702870650467174
0.55753716074913184
0.57476929301521484
0.57476141452931762
0.57117954270308768
0.56964386827947855
0.57257854757384574
0.56767940570409847
0.56953333987352639
0.5570931306470831
0.57532979581854748
0.56518277485355306
0.57952702779544019
-1.006337983788973
-0.98435672905494098
-0.98214830767637329
-0.99274346088761167
-0.98638044554019788
-0.984013388813338
-0.98538094790164077
-0.99431727404867642
-0.99113550263964456
-0.98184768426575453
-0.97978143932624751
-0.98920818525113574
-0.98938374016767994
-0.98839602917002289
-0.98169867832126489
-0.99843230774354941
-1.0006325266715912
-0.9890054802704904
-0.99885223014402813
-0.99469687579732069
-0.98930963409361095
-0.9861399605566753
-0.99857673468384212
-0.9835871564259584
-1.0041897169775611
-0.98563667160579371
-1.0026218540092759
-1.0001993871375319
-0.98486222456338113
-0.99325089778827702
-0.99636446638200282
-0.99355821407431788
0.087053594086576286
0.08290095896429038
0.083098271129667348
0.091771544535787439
0.077602208595546784
0.079557863904729423
0.079153893502602782
0.092684710618826563
0.091264578597957932
0.09362994576827928
0.083063328477156029
0.082078912918624181
0.090155517301553828
0.080178039894608644
0.089978664200332154
0.089127675345974156
0.077746789227830931
0.082667775979412106
0.082379325392686345
0.097200056374358274
0.10403592004601392
0.082533915340651395
0.083445850764603688
0.065080657695022276
0.085025591730372066
0.083277069554734684
0.074750582999068282
0.089618087195431087
0.070807302843713171
0.081614509718945641
0.084444187431118034
0.073341333790812965
1.1968539259376538
1.1984444939937784
1.1789086331746124
1.178737291211313
1.1948180758698326
1.1897560239728722
1.1803087748822441
1.1876381861370371
1.189139866554966
1.1888556885299379
1.1966199091903491
1.1930735859989974
1.204155710450082
1.2009948839361018
1.1954277901783441
1.1986166349970357
1.2005905573662361
1.195647958693919
1.1801940617682092
1.1968753372920344
1.1905781806959987
1.2029504880283932
1.1907477934928481
1.1942079396058058
1.192637119248666
1.2034498040378951
1.1914174585453534
1.1878436807891641
1.1924727343980206
1.186483933859364
1.1912963138956549
1.1899402237553038
1.1655063138573336
1.1787196056279781
1.1600878087685262
1.1636291189931296
1.1617373993532207
1.1687142256546035
1.1538807362674974
1.1577914974536569
1.1630174165171352
1.1677025161356318
1.1629630836495257
1.1593310431620223
1.1563987141031624
1.1674273544084184
1.1748709220754279
1.1659163372704235
1.1648384135351904
1.1668843173833059
1.1557921100003872
1.1608399342459881
1.1611899219637243
1.1656952569543888
1.1630771278085372
1.1536021329176538
1.172335165773934
1.1768726008892971
1.1612277564214946
1.1665240604474514
1.1654706259892222
1.1696106422638386
1.1514950685496972
1.176237411123509
1.0462571813504686
1.0601138091384037
1.0506453691563458
1.0468835549266768
1.0488763784090405
1.0571773835665923
1.043093790966976
1.0469985766875411
1.0461425582088899
1.0362764128365414
1.0604034025777114
1.0546311106603401
1.0498294798279235
1.0593093016499857
1.0423485611872723
1.0494124014860677
1.0638032226928105
1.0578373313090244
1.0321963967427163
1.0233433495808011
1.0416967691032495
1.0584902664695128
1.046220433690324
1.0482580474817953
1.0548661715370371
1.0429183815682075
1.0517030231638242
1.0563367858064832
1.0537361057618415
1.053167563711805
1.0451836310803799
1.0541142971613282
-0.23342104058334645
-0.21956042439550674
-0.20943925809046116
-0.23591924705835407
-0.2473960165821899
-0.2334035191706372
-0.22698523914135543
-0.22159894938439709
-0.2213678758919897
-0.23627161093051957
-0.23634588272803336
-0.21986159265031613
-0.23873910161945083
-0.22127814919028291
-0.23181510341762765
-0.22386877129223079
-0.22435068228988972
-0.22378678015151135
-0.22343658642245112
-0.23791512784129082
-0.22761983113110967
-0.22988814070947411
-0.22753273577081892
-0.22013401284607503
-0.23216886592902342
-0.23569576338096795
-0.23582492380948544
-0.23248654702226318
-0.22397911559391134
-0.23651852500598367
-0.22072593683918962
-0.22767638827573991
0.22152444596817084
0.21268012551104346
0.22529279880921413
0.22886508791007276
0.20920720703952284
0.23286900990361853
0.23651530945247959
0.22604135170861273
0.22726758052025994
0.242642893306038
0.23318845877214289
0.21615127574186668
0.22320017184415394
0.22207788479239551
0.22212631896457213
0.2044191907912441
0.2293893720578353
0.21823944439682874
0.22464254504915504
0.22224421858339735
0.23030209634947751
0.22096686381111222
0.21696990884701184
0.2275927131738073
0.23457241881205504
0.22077484786623941
0.2342929175559432
0.22543079853338743
0.21907149745108467
0.23553459573619856
0.21678432264890515
0.23144571892625107
0.45934784559902647
0.46693508249847077
0.45346014689111347
0.45663259236329989
0.47185375173893057
0.46483826814865004
0.4636396774650639
0.4598148673970579
0.46690517872315584
0.45215517911255088
0.45437385137872227
0.46207101041069543
0.45665908508390474
0.4577285831868888
0.46276130726894565
0.46223316267776166
0.4615532797282334
0.47665553828588381
0.4714219397355307
0.47317120948156438
0.4631080373224119
0.45929585903074838
0.45170213991372271
0.46054823409535484
0.44664568919887898
0.45866340279668344
0.46944724481680283
0.47630557528757561
0.4710581886668061
0.45644052979507871
0.46727428151575218
0.45702002113287354
-0.25674954301262853
-0.26422422279881441
-0.25646773241767679
-0.24275016875546898
-0.25595313890667437
-0.24467373377030366
-0.26191379482948351
-0.26597107509878393
-0.25266369821965329
-0.24953848089119582
-0.26777345008978881
-0.26272027760856481
-0.27480956956365682
-0.26493370035427483
-0.25622667550531525
-0.26402441203255922
-0.26788709459398696
-0.27459125255099559
-0.2603872973339908
-0.25695300802400989
-0.25856132787112718
-0.26129080774173719
-0.27352585612804264
-0.24923886420708383
-0.26378562425007723
-0.26449170493341595
-0.2574699049330475
-0.28063882321497247
-0.26384907123199342
-0.26442765015717212
-0.26035506827777483
-0.25255605455113656
-1.0995557323016205
-1.1179901205399547
-1.1060459473573894
-1.1016890797485903
-1.1021559954199573
-1.1135834365475552
-1.1166434016525204
-1.0989412462996011
-1.1005850525889691
-1.1035037418755931
-1.1171367092021369
-1.0891409303963584
-1.1265352032947202
-1.1062461115977649
-1.0866041218915401
-1.1045927402822211
-1.1014767716119311
-1.112766504849281
-1.0924642131242979
-1.1136743166192691
-1.1012979799473817
-1.102254088162524
-1.1117391297770818
-1.096237498120469
-1.1146609974231712
-1.1088012095968016
-1.1035629509566627
-1.1066333149071703
-1.099590879936424
-1.0959408946053162
-1.1056835234473605
-1.1076650610763099
-1.1408024925007769
-1.1395914182267111
-1.1301894755091133
-1.1384073467190536
-1.1334055503973504
-1.1373958888749331
-1.1434223880699668
-1.1297569087480606
-1.1449709967312129
-1.1366170842930099
-1.1247704758260595
-1.145411523003333
-1.1371081748331568
-1.1493449154539994
-1.1407419968364452
-1.1486234639347657
-1.1395593640973389
-1.1409730463551264
-1.1356108937562184
-1.1239922594080953
-1.1344027905337286
-1.1314012710446673
-1.1370722821826165
-1.1386228555903963
-1.1433385212616962
-1.1510735212341241
-1.1361177037194732
-1.1236336785134864
-1.1328562676917009
-1.1409385783357568
-1.1234714175176088
-1.1401276546823602
0.25171594897016009
0.24696511185308023
0.24897025918600235
0.25469576371009228
0.27265883200922769
0.25501725696055527
0.24841453625546589
0.25182331763121757
0.25488377258061984
0.24297265127315612
0.25767969415552416
0.26227201455126409
0.25923316459470702
0.26147252787279196
0.2463502903218403
0.24307793144549314
0.26695126342846615
0.2654213173566024
0.24434455100747959
0.25831771993160574
0.25687088962645982
0.26102575704031444
0.25833535636354327
0.25264961142996062
0.25822871977180983
0.25792304172001235
0.25627764561859656
0.24184731762249126
0.23270505848714243
0.25034515631927884
0.24358849460176743
0.25868716300864902
1.1423954404067285
1.1387715900565003
1.1337104434996277
1.1372305134234031
1.1460053950310725
1.1308362023978351
1.1440450245845015
1.1423275973140594
1.1387601408594572
1.1482821079280034
1.130924118001013
1.1442067148460848
1.1292350539821221
1.1305304140541614
1.1281889779864334
1.1402333194475009
1.1291485863700041
1.137083945854797
1.1275729713736284
1.1451967273529438
1.1513560547566517
1.1384752798052491
1.1498135899924535
1.1411519757638542
1.1540211465243642
1.1374643807902101
1.124103277833844
1.148591338913298
1.1356557295278926
1.1283799065350826
1.1314165397909273
1.1236560128925002
-0.89134161442885751
-0.8985701100411847
-0.87812655555057439
-0.88468406401162303
-0.90328324815684191
-0.90207497859916264
-0.89453580624376006
-0.90540032816476279
-0.89087844646857317
-0.89034758519811819
-0.8961824506713898
-0.89437195504168487
-0.8860091772466937
-0.87862652301805566
-0.87803461425660789
-0.8897255293548979
-0.88315320719832691
-0.89590684314501623
-0.88670436973092592
-0.89767737591355889
-0.88416341306628021
-0.89990720959410453
-0.89772066457192556
-0.89006675715861527
-0.88554408654247385
-0.90150539636452254
-0.89429310868349066
-0.88891879159034304
-0.88816762954359429
-0.89671039373881256
-0.88922493953661363
-0.89213789629831997
0.70123063326281265
0.69445518612936785
0.67940723714400741
0.67238754306394588
0.69079905440177614
0.69945667637426634
0.6913899204364351
0.69705652827676223
0.6861226127170873
0.67908863550084719
0.69598874986108117
0.69079153819712436
0.69546946341673876
0.67894747246487386
0.69145242753074476
0.68499599208031459
0.69645271074521087
0.68535450140609933
0.68514084078418791
0.68531423698389315
0.70010973630774387
0.69023091356623367
0.68392002274386843
0.68181932659557787
0.68164702046671233
0.70170102038605098
0.67548180389202195
0.68319713974347984
0.69510312273296759
0.69942796569528287
0.68881378074084432
0.69628412843018928
-0.043923061670648883
-0.042110503385006583
-0.049628679753800531
-0.036760255111677492
-0.048270997019201602
-0.037614399314620309
-0.058662307338874405
-0.042315095557467271
-0.059880295361822072
-0.061804666979336557
-0.045796007389311208
-0.056397955852853648
-0.04618405011961832
-0.058314056838023966
-0.036876996094273459
-0.049636695941049247
-0.058754189999486769
-0.048274727183135149
-0.042607360505924168
-0.055815088537612904
-0.045506002583779709
-0.033253218304895374
-0.04267611380634246
-0.049686016318505923
-0.054156204808312333
-0.044966895702295333
-0.061715245555920666
-0.073891824178412557
-0.054907176108252589
-0.058227729767470968
-0.035601282315301602
-0.048432907640769046
-1.1174272247707733
-1.1188416621005002
-1.1055348683886301
-1.1161696881749372
-1.1141784080012984
-1.1102429579380455
-1.1087970963911653
-1.1087156357646599
-1.1085646233885826
-1.0990573475667555
-1.0958505684513169
-1.1226793150954257
-1.0888297347836842
-1.1084069565614192
-1.0994811177414388
-1.1153457338845416
-1.1068215001150239
-1.1076999486580514
-1.1085109539625084
-1.1025942861374944
-1.1043541169816515
-1.1174513211978812
-1.1103473777040718
-1.1035722979615428
-1.1039046729072415
-1.1120877539555651
-1.1116448825548351
-1.1106296877248882
-1.1182327151482296
-1.1196978399401563
-1.0968430223494632
-1.112558631394329
0.14469880170483412
0.13795159107622293
0.15431556090041437
0.15795440667178581
0.14217665218500952
0.14805129224206823
0.13789608827824645
0.15805611465323097
0.15134246903265841
0.13721638393605268
0.15391872083597335
0.14681537151012569
0.14724298109591877
0.14679130762722206
0.13857915365590046
0.13962106849075082
0.14890300451241242
0.14352136167032517
0.13632684580119228
0.160160126177531
0.14222841253761323
0.13942606622096929
0.13831587961835087
0.1494168409513407
0.15169065863495226
0.14585649376076529
0.1508407341317019
0.13189216666529324
0.14090825168551688
0.14011435403921016
0.14391474677496333
0.14777590219113584
-0.1591209069071455
-0.11780316325711122
-0.14975458014786688
-0.1400646303399585
-0.13620800396505345
-0.13602739526582569
-0.14092109751117965
-0.16614164359611144
-0.15156867909632302
-0.13681297596935546
-0.15027135276950707
-0.15136054954362618
-0.16177297590213544
-0.13320078241713554
-0.13888111306789219
-0.15012512971005029
-0.14406083004387921
-0.14382157018131042
-0.15196667402444566
-0.14524608815592938
-0.14103535439769194
-0.13866324732950758
-0.13296801730887586
-0.14287694775589127
-0.14681934336764144
-0.13990977455667666
-0.14817700121654728
-0.15316054825943032
-0.13400679402640475
-0.14621063355337649
-0.1421982246559943
-0.1379724973462286
0.88796664980638595
0.90195523141229272
0.90042672914824895
0.89603710509449697
0.89997729523389824
0.89076606401848968
0.87917364405939902
0.89455129766971742
0.88952573949179536
0.90376272886613729
0.89892938903228059
0.89257377306245145
0.89719142743116687
0.90763534963927206
0.90589119782012106
0.89976188448213179
0.90025487773130974
0.89458340233248279
0.89576376072094543
0.90152002172604817
0.89584918947202696
0.89919574451792228
0.88787527664639498
0.88344808132931563
0.88320513661861111
0.89329654029788952
0.90742099180472169
0.90626343312781432
0.88881522936800605
0.88434021099201354
0.9031378490286861
0.90049855289760472
1.1591738579023241
1.1785885027043193
1.1715219714646363
1.180715614935169
1.172863781072699
1.1772475133632958
1.1726947558618701
1.1624988264501492
1.1682568765947139
1.1646958492160751
1.1767620185150867
1.1621458835879406
1.1578445375118518
1.1755744846626424
1.1792874501409498
1.1816792730865915
1.1788543959514779
1.1580440394764122
1.1645299059633722
1.1657159589924952
1.169919817492576
1.1528642288781648
1.1700197346099674
1.1723104075257935
1.1624877118255728
1.171037054727244
1.1796243428208624
1.1704603277677568
1.1785471193735535
1.1782034862698874
1.1733731867205381
1.1731594632060465
0.43378287198911242
0.44668624069263857
0.43298872191919985
0.43117827215323828
0.44240525251151497
0.43094862895879166
0.44016557309492071
0.44521566973341892
0.43740551474879569
0.43760679649363926
0.44411243649420301
0.44279695882205822
0.42444712505419274
0.42628543591174645
0.44742614068055026
0.43989966010207376
0.42012903257733297
0.42599330179745137
0.43698742154778292
0.42894972038624501
0.44054844717129504
0.43742811879418608
0.44072969552172309
0.42746151859960735
0.44178134118340029
0.45249329706975611
0.43045975322149704
0.4473372517193509
0.44468360668272083
0.44198658785774469
0.43631003375472266
0.42754209894286266
-0.38351602890838637
-0.37037764994384359
-0.36865381118817192
-0.36670141518736832
-0.36879852706880961
-0.36925462410181792
-0.37995675504818016
-0.38614193596729995
-0.37484458381866864
-0.37247414708516452
-0.37578904515235467
-0.38863793665355212
-0.38063662241533841
-0.38829098002205653
-0.37530678279282598
-0.3848734827969062
-0.3778064781154461
-0.37388855960157663
-0.37536982824913923
-0.36551779133441803
-0.38530445982121975
-0.39393116000013251
-0.36889951677459182
-0.36523847317810065
-0.36499638431652648
-0.3741718676593615
-0.37213233975968085
-0.37546143286456635
-0.38679995707624459
-0.38100553435174589
-0.37246084525884199
-0.3810488543851584
0.29883126123045373
0.27124549027168171
0.28010303706916917
0.29245757784793203
0.27871512740150711
0.2745175335324852
0.27270387359130455
0.27776384808279886
0.29566101050334864
0.28685373219550364
0.28771595105034042
0.27943147841082067
0.29034189113430692
0.28444408526895565
0.27622251633333078
0.27997390075568968
0.2852140150229579
0.29296109653498681
0.283131054631165
0.28759781169841819
0.29975614390461652
0.27721048204703325
0.27367594182566252
0.29146903248166506
0.28711041544258797
0.2828197275002613
0.28571893969198303
0.28097136899730302
0.28773670179293082
0.28092351906569374
0.29001064295493506
0.27424730500954647
1.1237467644030474
1.1312122842399459
1.1265237918290765
1.135848771407906
1.1299481912389038
1.1259490728553248
1.1319677225111242
1.1260682772778401
1.1178333641656475
1.1212082581540257
1.1238870565655923
1.126543172508826
1.1310888550520901
1.137599909135353
1.1347307467994434
1.1445649461020406
1.1405287201275787
1.1288274353471981
1.143548720581516
1.1397935945101809
1.12672206963164
1.132843523991732
1.1391110618190869
1.1322930085769969
1.1384915500749304
1.1335278094271528
1.1359944066838845
1.1278223784668109
1.1334020161906058
1.1274611434764392
1.1357808621561876
1.1168635158728546
0.49972056080034188
0.5070452920758477
0.50168625247058829
0.49683977598513374
0.50135585904228963
0.49027908387444752
0.4903922152563629
0.49417319762223638
0.49586143463184595
0.50477216332682828
0.48989067024960531
0.50504888356878874
0.48445999128633688
0.49074632445048139
0.49674740500065606
0.50630310794851141
0.49213154281527516
0.47989183569908583
0.50039976566177025
0.49680694763531363
0.48838167210623096
0.48868783968148893
0.49147309100182235
0.49782366452003141
0.50234508222113439
0.48520981135107694
0.51534676239640742
0.4967322836272916
0.49405103208189527
0.50241583548591662
0.49790279134371618
0.51572096431484815
-1.0342013619231145
-1.0459195563494699
-1.0460972243524949
-1.0469578441388174
-1.0457082434220055
-1.0375939584486737
-1.0481450597159645
-1.0300747242765418
-1.0436361594520502
-1.0441467829226649
-1.0353914854808206
-1.0588185323395294
-1.0504729765256673
-1.0381960270501858
-1.042896631006027
-1.0430861002472847
-1.0398152293019323
-1.0478002618570639
-1.0443598266355827
-1.0538832371997227
-1.0579980923746386
-1.0328795464738629
-1.050462617681275
-1.0487306916942316
-1.0318319596212004
-1.0345290792379758
-1.0472190513609119
-1.0472571730448224
-1.0436670975267019
-1.0506534607767304
-1.0386290444180983
-1.0418565342340189
-0.52864827856450369
-0.52365910790968051
-0.52393754231781287
-0.51495179108624589
-0.51755473719842826
-0.54336945798300007
-0.52250693139555437
-0.53863909997128601
-0.54111594844151245
-0.52400228769559298
-0.53530996931975605
-0.53221968532997277
-0.52113212765570938
-0.53499958420495508
-0.5368547430212095
-0.52707832500036755
-0.51990720300222037
-0.52546245851784179
-0.54212187767588937
-0.53490123490701313
-0.53090961852857543
-0.51425043436237572
-0.5225459201540954
-0.52288102401802472
-0.52006926350544069
-0.53216514889833155
-0.5258548324576815
-0.52576966173524242
-0.53750754951361246
-0.52982637783433817
-0.52517897458556373
-0.53833008283049555
1.0767731533781419
1.0763776765105753
1.0785776606951498
1.064109051781543
1.0711656525152375
1.0819332623934093
1.0766480087066117
1.0639998034793963
1.0721064219493022
1.0816682324321285
1.0696932029242514
1.0733497042820614
1.0908494383562115
1.070003303124504
1.0694331733564304
1.0622471477889874
1.0650195257601032
1.0821688292725991
1.0691668830510552
1.0607830543653656
1.0628185750794543
1.0703126925628978
1.076382297358355
1.0643013697237693
1.075954923678669
1.0663334754147902
1.0730784133744278
1.0743768940978653
1.0750701448318531
1.0667461255625346
1.0688360844146785
1.0742271847782501
1.2131474088816072
1.2248620651201472
1.2275796758700057
1.2318073174554549
1.223146191116103
1.2219572904363722
1.2245532746998162
1.2175472315222209
1.2217281623885183
1.2266612166256867
1.2256324724845478
1.2150190191984858
1.2207520647254644
1.2064392930111261
1.229746954109177
1.2190739203278256
1.2252319974947943
1.2145159330950808
1.2226209199047691
1.2268509139443935
1.231123990926877
1.2123752972998461
1.2299943239909557
1.2219270734284315
1.2170341477389628
1.2270396624726667
1.220867088548973
1.2208453075108536
1.217581869529047
1.224989008950444
1.2234921036049866
1.2218042567379879
-0.29111832669536247
-0.28757351932221442
-0.28026499100997265
-0.27325936344379509
-0.28370192005623063
-0.27218410183551772
-0.28357645696333839
-0.29221072062942738
-0.27844319188592009
-0.29121420256606512
-0.28027673468214392
-0.27493383104561547
-0.28595499121912804
-0.28419750293257307
-0.26376365266690882
-0.28157738180372244
-0.28137653167747434
-0.27724452313142595
-0.28427157721660484
-0.28419088025780465
-0.28043773343717981
-0.30260078544404628
-0.27216901496448276
-0.29201084549281014
-0.2920967538540743
-0.27917181950201614
-0.28326280443048901
-0.29346554335536451
-0.28178380625777294
-0.29258632888670988
-0.28904029739758785
-0.29548418812421756
-0.50341498188193989
-0.4936345429509883
-0.4958254935753223
-0.4943379773483999
-0.48944470210231583
-0.49715151525658746
-0.50208145636252111
-0.49904439294892355
-0.48364757033570666
-0.49654262971266316
-0.49425995217068125
-0.49757918047258476
-0.49485287167153225
-0.49336676359400677
-0.4968840513030966
-0.49804896377225244
-0.50305292090642373
-0.50356750572275411
-0.49356271616615544
-0.49083695721498716
-0.48944239374109033
-0.49638209636742825
-0.50339879343145144
-0.49178225977964057
-0.49189747881099116
-0.50880950221536303
-0.49040384209757393
-0.49216225653804496
-0.48350990241225894
-0.50580708447667111
-0.50702695465748404
-0.49053108771070708
0.32886238269144413
0.33736524847255811
0.33448612664081684
0.33511914058438541
0.32799035391962106
0.34130940017439459
0.35099025070168877
0.34673574340308505
0.34677055557912634
0.340368053462972
0.35476208666721071
0.34743738823740455
0.35161497340260428
0.33087316237172165
0.34599313600703197
0.33412904628028428
0.34603598529070445
0.34484054682343701
0.33427746710683992
0.34467817674538448
0.35253240090613491
0.34728201840157558
0.34800482459139825
0.33641815888655496
0.33788662317904833
0.33443940313104842
0.34436365089061882
0.35279487093705081
0.34678807753882734
0.34330593487393957
0.33440071928382209
0.34686721545881838
-0.20523530951198959
-0.21851446519002796
-0.21710764238003799
-0.20603541419510379
-0.21045898448056749
-0.19016510999501368
-0.20304604545431601
-0.21159360319625703
-0.20720904445238231
-0.19062903000203216
-0.21086884769068084
-0.19717688724301738
-0.19982240065079426
-0.19161123078155329
-0.19907823989088708
-0.2065110785786749
-0.19910458739036849
-0.20277080379141793
-0.19553894386458753
-0.2037877819183985
-0.18753239918917919
-0.20409254532024951
-0.19977575426042252
-0.20850170095652434
-0.20226340603188214
-0.20304336137853671
-0.20189989734379793
-0.19607682255412689
-0.20752522586197183
-0.20998547897501055
-0.19441258024251309
-0.2055131949570205
0.22477245040583435
0.23929219891571019
0.23630003210544639
0.20905440121131799
0.22710510191316166
0.23637043748920639
0.23676745362739779
0.22604367416449336
0.2425826280311425
0.22383043137209138
0.22830386463269528
0.23117004547254946
0.23011312273046236
0.23657916273453394
0.23828996410363124
0.22981513809300066
0.24130350120916677
0.22472549006477285
0.22848446601443992
0.2438795002438037
0.2309703462207211
0.23869645835684516
0.22677706067302428
0.2281011339732936
0.22937449894077436
0.2315879383297455
0.22753554089927069
0.23036647015907577
0.23556751210618992
0.23983677671501569
0.23111361855383356
0.2354142022385334
-0.91582082212146432
-0.93164486122940593
-0.93559347119936165
-0.91020713253742169
-0.91256905207608052
-0.92261058968989618
-0.9202714831596801
-0.930563315921073
-0.93407496986378613
-0.92055261504530705
-0.93489618778522654
-0.91579965599971414
-0.92848388727888853
-0.92075964329383408
-0.90767523728680266
-0.90805105976803602
-0.92524262858681305
-0.91458299789457853
-0.93128910008355659
-0.92774706529084172
-0.92013902612323639
-0.91204791105405281
-0.92766391160817729
-0.91878236452881634
-0.92228840704560011
-0.93316031763238305
-0.92417213835688561
-0.91116463805994996
-0.92384367048428939
-0.9191111649039283
-0.91651005775247374
-0.92898107951475151
0.14669262090890428
0.14886006014568529
0.14960917480720623
0.14734276143427452
0.13317127712990545
0.13220334605457915
0.130608840947122
0.12963442734047545
0.13052167318500446
0.14476527488193622
0.14851444697063165
0.13174365114353345
0.14331198888580335
0.12675363425047101
0.13423689704715017
0.12889066537138663
0.12384022114266771
0.13725178237630131
0.13743901491083652
0.13355896405781822
0.13262918069630097
0.12893236896392904
0.13573373538325711
0.1319938235452455
0.13870118252883007
0.1271526167972552
0.13858400916072244
0.14084803548849573
0.14668580571835441
0.14514907386898182
0.13827822196178272
0.13129935888390196
-0.87786811450558266
-0.86331179846020467
-0.85196726588305149
-0.85001284446633552
-0.8835678200314262
-0.86931157259627634
-0.8660696435163332
-0.87158858926552674
-0.86178299959698035
-0.86296536329740858
-0.86740714819152687
-0.8635629732569553
-0.87600204459990483
-0.87104339163864331
-0.87043967544110767
-0.85611030937428501
-0.87628664576075632
-0.86498495767627404
-0.85706417774177812
-0.86371680619280711
-0.85679871010507147
-0.86850252050268606
-0.85980345480062492
-0.85605587988013165
-0.84543239405115522
-0.85746273539724627
-0.85185909236988933
-0.86317756055371075
-0.86247652189755897
-0.85071414193511996
-0.85858990295145954
-0.851904509486203
0.80909939260344033
0.82039576895961708
0.82249175784029915
0.79675818252109598
0.81831895021745826
0.80693405537986018
0.80728275430232732
0.8025528650265028
0.80923144875616038
0.79459980381305961
0.79768326540974832
0.79738997127110489
0.80582823374568757
0.81088914421419889
0.80942129759882642
0.80648248258781063
0.79880025720512993
0.78946707554995421
0.80678080711748557
0.80472231580955433
0.80641781404379831
0.81498145732199112
0.80210724117882426
0.80195053634469249
0.78503955238029266
0.80804200956380001
0.80317867320362757
0.79765732021826807
0.80665584005564539
0.79521633605619979
0.79923440852922745
0.81926899011083432
1.2362487485086235
1.2376386972947737
1.2362211815427748
1.2353674764720095
1.2317729032447042
1.2485037694270791
1.2296265539405573
1.236095772452533
1.228458945398103
1.2273930623414597
1.2106947199904232
1.2148046470056575
1.2425743975512513
1.242095571741797
1.2266840994325889
1.229914588597087
1.2350704310394351
1.2222074104327272
1.2443136621604558
1.2218317733570689
1.2243844857032429
1.2080352683854825
1.2422565136574417
1.2305986619136393
1.2431151971170136
1.2221114791538363
1.2328305927662293
1.2307204633513831
1.2317134133081138
1.2467183094146033
1.2482462563892252
1.2411474643146776
1.1002357423778453
1.1105890258450217
1.114203443326174
1.1079039241890418
1.107991966312126
1.1072901454358963
1.0962214483426549
1.1053915566152055
1.1162572789428189
1.0954594618600928
1.1040778646626042
1.1101019388405839
1.0925019946192036
1.1023149098870828
1.089837418276173
1.0985608740884527
1.0921489697379894
1.0962316389253981
1.0994755746602771
1.101174451305807
1.101745919455192
1.0841240742152292
1.1160778684191177
1.1011618235349403
1.0945864979849615
1.0983195443924676
1.1058252891207918
1.0953240668150519
1.1000250251416632
1.0995745285575187
1.1076512528672238
1.0973446148198167
0.3869612473217719
0.38612589198982789
0.38214586289770758
0.39326216298502581
0.38349685017815649
0.37391233732000451
0.38571587400162777
0.38431884563115876
0.38300931070131566
0.38519194458786288
0.40212975871089879
0.38520148549315597
0.38699569135794948
0.3813616948648304
0.39381642574901149
0.38288084862415983
0.37691646664911077
0.37355219025370134
0.38755006839852174
0.38928722036079844
0.37062491871113795
0.37754362047755569
0.38846442813262161
0.39155026182756308
0.37276352485377295
0.38006363849097941
0.38998748428766639
0.37905417915312101
0.37971945027017801
0.37899895358147495
0.37286760422711379
0.38369661099471386
0.34575673390535788
0.33210464271119827
0.34412121786085981
0.35218179826195828
0.34497870517717805
0.3508964054580056
0.33892281467873808
0.35427098244815342
0.33702824143319632
0.35840039976109833
0.33972450206730964
0.33756710528785328
0.33617348467886193
0.34001297388228924
0.33936871536011243
0.33779915282260786
0.34067905326116971
0.34862964618476328
0.35037111447664454
0.34061310026729502
0.35319050584546402
0.33532794125549148
0.33508309802578312
0.33426289016908456
0.34812235641620287
0.33090260355681861
0.33213465598758612
0.35353408163981337
0.35700443149138528
0.35404623544905139
0.33136233529302633
0.34338564737677674
0.40994261094831119
0.40405914439076873
0.39033951686265767
0.40054355910802086
0.38969221863588616
0.39341780407835836
0.42049454961927668
0.40870882350135657
0.39153277869020586
0.3912643877308577
0.40691833645736325
0.39838970895679138
0.40788282587676972
0.39808260674723517
0.40165984893774831
0.40516643772026928
0.39499265886438339
0.38789178103216232
0.39369731232505017
0.39766259361162948
0.40161270627201323
0.40276782318009063
0.40269963178194207
0.40734895909507651
0.3960930472562797
0.41439042384291236
0.41924011324657107
0.40614982474646755
0.40472486351472076
0.41319955409051257
0.40840335629976909
0.40471684558161813
1.0685376452078041
1.0639673698631553
1.0605249041748632
1.0751996120294331
1.0793778739437772
1.0614192123885149
1.0692970018920307
1.071617006057817
1.0664681750248342
1.0637807843729885
1.0667301937716229
1.0541074096512959
1.0693818580399865
1.0675148146389326
1.0868021179333931
1.0773581687781217
1.0671013099708511
1.0698001302939539
1.0835914933052841
1.0827103601040504
1.0713393082652476
1.0688340370412621
1.0583014645439877
1.0672441157564239
1.0685094268633784
1.0639744053743023
1.0837006974782095
1.0548558502790735
1.0687749636157799
1.0731161924634594
1.0733540132866197
1.0833528638012904
-0.84799585633024133
-0.84279126859201359
-0.83603146487980895
-0.83574934682266522
-0.83989399030142653
-0.84292185153911525
-0.82822460095619133
-0.84520830355651
-0.84141019200524458
-0.82531035012557818
-0.82293856756805484
-0.82983628099508788
-0.84369282854012306
-0.84363458878421238
-0.8440044014051703
-0.84588649979767172
-0.84013926718169318
-0.82664692139039619
-0.83503441295655612
-0.84286323093026372
-0.8430431271893889
-0.8462282750827772
-0.82717371823847996
-0.85299070171146862
-0.83465282032231902
-0.84836505175547083
-0.84532875933627227
-0.84876997393297959
-0.82916276201764372
-0.83752933057428502
-0.81493684843496927
-0.84518647813126102
-1.265653457206477
-1.2521786013209015
-1.2524083360978455
-1.2591686873054013
-1.2730893460485833
-1.2453738252484534
-1.2523918685226838
-1.2537586113572758
-1.2617050618465362
-1.2518390483372182
-1.2614605820702505
-1.2566444077704371
-1.2585091566693627
-1.246943910588727
-1.2607805000867471
-1.2597898777623395
-1.2481919144586493
-1.2552277719052072
-1.2572070723920545
-1.2589867554019016
-1.2494582597748609
-1.2622761905686177
-1.2533086925649941
-1.2408383970625596
-1.2538944118539801
-1.2633813782927663
-1.2667232928870971
-1.2559355235292573
-1.2669407077255057
-1.2698810690141147
-1.2632095412588369
-1.2659057377051142
-0.40347742675655229
-0.42210345767168311
-0.39783451281207122
-0.41652148612107365
-0.40956269616902036
-0.40513913576613425
-0.40873595716109351
-0.40475802668342969
-0.41843492562989681
-0.42872863279510809
-0.4121659380039796
-0.42402315676476782
-0.41522014892699916
-0.40302356722449351
-0.41217103898999541
-0.41534544148803376
-0.41964653278275632
-0.41294937347469529
-0.41200653442350266
-0.42328817333468005
-0.40827411882077663
-0.41924474150157287
-0.40889266529134777
-0.41426066598028793
-0.40272410283642962
-0.40379401887170441
-0.41057535115997806
-0.41151547996359333
-0.40713092381000332
-0.39955422204078833
-0.40207267180518441
-0.40929123435144343
-0.9280058801511929
-0.91787491991283465
-0.94356413244959025
-0.9261208141362951
-0.93765384635080629
-0.91956865313054481
-0.93434889946128152
-0.93126491868729933
-0.93904532028512733
-0.93019336115276996
-0.92394416362248522
-0.91688369594292496
-0.94036370465858099
-0.93375950197006607
-0.89890835783167133
-0.92262611288171548
-0.93020513328057586
-0.92594334512155141
-0.95145521257067023
-0.91717184225565063
-0.92881988324432663
-0.9415650157917701
-0.92070302892408729
-0.93509635995845697
-0.93827362986464347
-0.92584364668854802
-0.92681032110745509
-0.93369740342262619
-0.93060650140517343
-0.9407735415115237
-0.94158697436900163
-0.92280671394920177
-1.1794617290587719
-1.1865497181232516
-1.1870108827512211
-1.1931687807725906
-1.1910415450207863
-1.197498599165288
-1.1759338326300091
-1.1945443416480019
-1.1867151807873899
-1.1899986660257682
-1.2012022476158921
-1.1744864519715488
-1.193006639445626
-1.1961498068904652
-1.1890826879299692
-1.1971863726918472
-1.1897629570507828
-1.1976822751498679
-1.1854773194169359
-1.1895547283125938
-1.200946291366543
-1.1816984143775981
-1.1884454169137675
-1.1988232630638735
-1.1871087815332739
-1.1865353431445484
-1.1750741551252954
-1.1968820649242804
-1.1831109909691264
-1.1907100473130456
-1.1850137429826273
-1.1920448853992425
-0.46373730462093998
-0.45928724147249483
-0.47280637528576264
-0.480121953835215
-0.46333465784433964
-0.46682756134391623
-0.46254836486320533
-0.45808609998095778
-0.46496040793412824
-0.45364318707330448
-0.46352573949481574
-0.46227514016966997
-0.45649257365158269
-0.45844055484717894
-0.46385010937301757
-0.46212150975589522
-0.46919339499391338
-0.46804165519505148
-0.46228275206701414
-0.45656330112103222
-0.46658088391955438
-0.45634502703617291
-0.44749784216907035
-0.445831128684817
-0.46282475370102105
-0.45456601865903734
-0.45811048641289959
-0.45668782994118939
-0.45626009751409163
-0.45877259530313041
-0.45632981937240352
-0.46140787795912985
1.014987898842395
1.0191127323893854
1.0210432694982374
1.0269104737481476
1.0200771232048478
1.0230586098752434
1.0285334330446441
1.009627816387793
1.0150077263431911
1.021441530340129
1.0173186309216833
1.0089823582633477
1.0250388391240668
1.0165386727825305
1.0090789277798069
1.0322913647443468
1.0068082353745409
1.016975686903123
1.0117008894747457
1.0179560401926007
1.0215961635920245
1.010517593012747
1.0162293250454875
1.0160104190108559
1.0090105977111439
1.0264012762371637
1.0184280101498133
1.0147294559110289
1.0116983994961426
1.0143543156240418
1.0181735512585466
1.0133264111430706
-0.81962409792185276
-0.85004318190481531
-0.84682312600312193
-0.83170293513212123
-0.84443639691231476
-0.8301933568165708
-0.83492570598660176
-0.82499360475915873
-0.82632955024321886
-0.81915871596390055
-0.82226643179475645
-0.81959164561099551
-0.82539626670566535
-0.82108096976176803
-0.82562111883919209
-0.83437404628404921
-0.83966322180568387
-0.83934169545397252
-0.82576812168641678
-0.84875565167763101
-0.82823075775276678
-0.8356687765381331
-0.82374790551921462
-0.82803920565046618
-0.835651587415985
-0.82952796797405592
-0.84786691361612387
-0.82747793937439651
-0.82590222955570813
-0.84437302088769617
-0.82275763132481194
-0.83058840912545839
-0.64158018779680148
-0.65434362985296257
-0.63810792944388417
-0.63829171084165337
-0.6430654639433645
-0.65083035186649751
-0.63682638541771719
-0.63293928607639494
-0.63971220801108553
-0.63488670504920319
-0.64757903918195348
-0.6416349845151087
-0.63984571308435667
-0.64167953052037219
-0.62024113104821343
-0.63943719064217885
-0.64727498224804325
-0.6361294507528733
-0.65144294900278155
-0.63977702343207954
-0.63654307816670896
-0.6466333174839568
-0.64523962460469131
-0.65017591902328886
-0.64159045994820496
-0.64803877878443394
-0.62872222543541434
-0.63741441920923891
-0.64437307521190179
-0.65391134752936098
-0.62626183179328487
-0.63211275314228743
-0.31207803232302123
-0.31427379767655267
-0.31447022802893121
-0.31959089144448094
-0.30077762723787821
-0.31419205674239337
-0.32735400723450325
-0.32109221095512647
-0.33650156094501976
-0.31055459203657576
-0.30971415202436453
-0.30165361629833798
-0.29903115685411008
-0.32209647604923697
-0.31223993788903032
-0.30786581187074752
-0.309498034997921
-0.31993009998522587
-0.30942788763015078
-0.31190100913340524
-0.30497052213409331
-0.31611172242927021
-0.31780328410886466
-0.31998529226676636
-0.31893705210837497
-0.32205375171303185
-0.31865587175627108
-0.31191873314996205
-0.31227169222460655
-0.30539847175101448
-0.30720769443297208
-0.31096820895335126
-0.99855041668202615
-0.98477759794368325
-0.98002956817896625
-0.99980081320985437
-0.9983180940368882
-0.99703559614992177
-0.99773676837893166
-0.99175031111289913
-0.99694063218124129
-0.98636430226338578
-0.99918834910885279
-0.99051581947347855
-0.9935048420301168
-0.99727884711608494
-0.98124161583640013
-0.98930596673919902
-0.98519807315758856
-0.99220593501172893
-0.98391078756462735
-0.984623110660934
-0.9907629755636177
-1.0037432819054206
-0.98297767893969945
-0.98400223478222471
-0.98809552786198251
-0.98760069373773285
-0.98855172330164154
-0.98799985282076619
-0.99758244500853088
-0.98998624809488056
-0.98699398088362467
-0.99443815573485672
-0.53063720074048992
-0.50799419832295756
-0.51801178920607527
-0.5253233176495421
-0.52680834455278702
-0.54401369961862778
-0.53427399548084886
-0.52486380835612667
-0.51255938117274646
-0.53933194060999445
-0.52846694538890526
-0.5075485739391461
-0.51750462299842093
-0.51954477622399897
-0.51330140081375297
-0.52382083049608408
-0.52427923513941554
-0.51713825012871717
-0.51604481056900942
-0.53139144232594659
-0.51062824625871028
-0.53680335261240975
-0.52841099537620162
-0.49824788120418179
-0.52693818006417714
-0.51759443493045887
-0.53085748524347609
-0.52540387036363878
-0.52860023902221742
-0.52602589289090185
-0.51758337094490992
-0.50883789032608207
0.35749275194338603
0.36296251356169773
0.34645024593678492
0.36223537881534607
0.35501870453361972
0.36148111751480738
0.34715540921726856
0.34863670829009025
0.36142897238231825
0.35536763046192194
0.35133146408301469
0.34498606580185281
0.34964909720476983
0.35431914513210161
0.35620096811196489
0.34596994918185775
0.34766765405528577
0.35380866084949969
0.3414922440636865
0.35783789017989148
0.350239536259011
0.34917988334216488
0.33090940467909102
0.33741233645251434
0.34182715597062591
0.34542806878073395
0.34128758386690627
0.3530257981268996
0.35109031131221474
0.34786970743810386
0.33372514196500108
0.36118277954659839
1.0744363455816901
1.0813904316718026
1.0712973142378341
1.0766431423843574
1.082221762308134
1.0785327154735795
1.0843403767081383
1.0751913429180207
1.0925735991610614
1.0614868116496738
1.0722157849223299
1.0844622880736794
1.0746106200526706
1.0730689580832704
1.0624094514083424
1.0861924691871379
1.0614133290205405
1.0806501510593625
1.078141109908096
1.0835767550792901
1.0882426457015186
1.0709395510783639
1.0700758249207711
1.0740054246432365
1.062786388877127
1.0830917194683702
1.0733323199911722
1.0777729355423087
1.0674492545752408
1.0765494882653406
1.0714814557764252
1.0758383586526616
-0.23231332660687906
-0.21537960114691926
-0.22879317760154264
-0.2440351565723769
-0.21845370969327024
-0.22602190377601836
-0.23070380186821057
-0.2035959707937211
-0.22406395993821546
-0.23436232522515901
-0.22857964422639768
-0.22062438410014698
-0.22547750397221467
-0.21374051876910674
-0.21516011333983143
-0.23000470658291286
-0.22336999655751735
-0.21854080056275849
-0.22697579028539819
-0.22738414654084549
-0.21663665443808608
-0.22006564521289601
-0.23489211225267256
-0.22806268890500342
-0.22697854766296541
-0.22461652286390371
-0.22941253118646293
-0.2129327760383091
-0.23142772678992363
-0.23235542812492391
-0.2219820931293342
-0.24169410308289796
-1.171914131369636
-1.1586542368831385
-1.1742612265591768
-1.1704136110806154
-1.1549623757049383
-1.1599917072994317
-1.1631814043108404
-1.16167934161751
-1.1690394247641911
-1.1611397786971036
-1.1652302507698638
-1.1435997914343803
-1.1592786137402471
-1.1662847055138386
-1.1639962783604998
-1.1631372987001123
-1.1746021572476177
-1.1701478583739371
-1.1513347776744545
-1.1747795596642303
-1.1681885517230621
-1.1553458406711969
-1.1514372997233804
-1.1717113525114005
-1.1518123725998741
-1.1664095624897672
-1.1502458293371085
-1.1594816214559618
-1.1657448481287185
-1.1576429829108217
-1.1589851037405383
-1.1696471172008174
-0.4529360087167798
-0.47287489937774618
-0.46089364428734397
-0.47399823073945857
-0.48473154316851153
-0.47909236831393326
-0.47091479695509608
-0.4646476618607594
-0.45601463056190145
-0.46945459254812982
-0.47236544949329828
-0.47994852213171979
-0.4704767464286711
-0.46770606587707997
-0.48782219409495881
-0.45966928813201247
-0.46100931345757801
-0.45189145617885784
-0.47740202762837136
-0.46980592747174083
-0.46999986257862264
-0.48074687581205161
-0.47693977001915699
-0.47802298007320682
-0.46602019217136048
-0.46669010489607166
-0.45934874196705511
-0.47337772360758185
-0.4813463932079497
-0.46664205789849866
-0.46719829477350633
-0.46482819692050203
-0.25351800873482389
-0.26818639744674572
-0.25710628612232295
-0.27154557848949196
-0.26224868525942957
-0.25797778752788142
-0.26443109370591794
-0.26176266076119903
-0.27466599126664432
-0.26871640220709531
-0.26231077591309188
-0.27314777897092968
-0.27035375596386768
-0.24403375539294497
-0.26146398425770018
-0.27014877794504605
-0.27183430931665425
-0.25253397144248135
-0.28607441911495218
-0.2665950713740321
-0.25898469466446922
-0.26857856842146538
-0.25993262087781366
-0.27256081547903771
-0.26431273946233852
-0.26388878523079695
-0.26414309632102917
-0.2630993593801299
-0.26397561913972784
-0.2553230950088442
-0.26641648741828011
-0.2690365483223508
0.9534097197082565
0.95322004886628575
0.94344573044543789
0.94033077519830199
0.94479516562060917
0.957892625261071
0.95027067547165855
0.95231108913784113
0.97856825501165678
0.96461169563808213
0.9539219364496746
0.95054588681882579
0.96661717270481684
0.94934323180702263
0.96550079719008031
0.96030600878929961
0.96668879408537001
0.94979281931775028
0.96283295710627692
0.9410814637546403
0.95419863205234323
0.96422867074172836
0.96115320859993603
0.9408775004451051
0.96106204153321328
0.95920875156969065
0.95504783264832471
0.94976819413031266
0.95330238868369221
0.95095609725604979
0.96313190635937573
0.95928231837146893
-0.15589178985702226
-0.15892878959735987
-0.17471334955461276
-0.16336251815000563
-0.14729253217244886
-0.17334299538963432
-0.16220655004957912
-0.17070581978095006
-0.17157713570181368
-0.16276408947238466
-0.15710217995650208
-0.15830998168594049
-0.16075809091922788
-0.15685235922979282
-0.17750761249552421
-0.15792092956524451
-0.16123196013558874
-0.16593992536740265
-0.16455584905622628
-0.1713045868908509
-0.15514899550671926
-0.1705089307028263
-0.1762932371633891
-0.16452963491441391
-0.16911886168007165
-0.16503987976439155
-0.15236427653723456
-0.16557666487207257
-0.16348054572857554
-0.14631185058777973
-0.17570737774733017
-0.16151241019052587
0.17824028873391787
0.18103219659410386
0.18689799396649626
0.16362581888803548
0.17379979129256543
0.16815416532634594
0.16528286674349496
0.16310846671561693
0.15719622274392275
0.17161612780012411
0.1749825337711354
0.1604134056370804
0.17505653195152693
0.16450530996667453
0.16080705532565212
0.14787667184167769
0.1778233636449375
0.17472010432823479
0.16645257928526122
0.16585515148649482
0.15850937874587642
0.17313453597859058
0.16847112109913551
0.17333708816476889
0.17042902701114115
0.15768162540952729
0.1564874410647806
0.17239908841667964
0.1554289800543632
0.17125763437298228
0.17637598787016043
0.15875612674420517
-0.25211080323938639
-0.25715586978571381
-0.25317338583485183
-0.26254764936089403
-0.25753530488590148
-0.25394246326242631
-0.2426153749056329
-0.25139826036375118
-0.25327421472890305
-0.26771017966290278
-0.25455503207576941
-0.26270681071045265
-0.25775500393905765
-0.25500913395897196
-0.24933960979930175
-0.25235257837672215
-0.25559193509876482
-0.25756144078889676
-0.24615687054342425
-0.26420668347966375
-0.25673965624519896
-0.24595662418419811
-0.2585984877139062
-0.25034071416712378
-0.24984284686702432
-0.24106641739146367
-0.24789997106640776
-0.27031336314082949
-0.25702029098235746
-0.25467192074034439
-0.25038284458244592
-0.25394568287753888
-0.36855510088489396
-0.37489345597593987
-0.3933178823685744
-0.38893816648865637
-0.40050146426813527
-0.36994312034094595
-0.38496242389199548
-0.38514506122327691
-0.39680763822636989
-0.38767062950191589
-0.38073457387741111
-0.38752431683574329
-0.38748905729891048
-0.38936334300333547
-0.36839566490484138
-0.38889917436928162
-0.39624111853893207
-0.38874080529338417
-0.38744166913532802
-0.38541817008996704
-0.38668147168856681
-0.39379407032513181
-0.38639777528408448
-0.38167696871428691
-0.39618124387326686
-0.36881790064940179
-0.37107574473323762
-0.39957749025087275
-0.38785300129704919
-0.37669047541392758
-0.37398659472160944
-0.37038656420713434
-1.0598628107048709
-1.0538856863347759
-1.0490412209276414
-1.0403989770691517
-1.0535786531442219
-1.041314402238797
-1.0411303110512533
-1.0389373702640161
-1.0552328158116222
-1.0431411826357011
-1.0441240682284134
-1.0480735463380519
-1.0340578707641859
-1.0469921533662525
-1.0328082740012565
-1.0493853707940892
-1.0306603048372061
-1.031080319040709
-1.0511302748970424
-1.0416696350799901
-1.0418271503431671
-1.0522870149163432
-1.0379328682347055
-1.0394493608233422
-1.0513339514775066
-1.0434214549742686
-1.036956924748117
-1.0454617560114625
-1.0499529476880702
-1.0307911002098935
-1.0520699117904255
-1.0412848368867051
0.20510280994202321
0.20243410545963289
0.18109170401034388
0.19340165214486843
0.19501360250025296
0.19440265532290288
0.20124912748333285
0.20060197327985185
0.1973127389798941
0.19841577058215656
0.20451704324980272
0.20645680271118272
0.18094705349426418
0.21410202614771692
0.19190019963703192
0.20276478237731962
0.18320647147894331
0.19226701327622858
0.18624878008449999
0.2053066315035636
0.20370020391953444
0.19655259817781806
0.19513369255743768
0.19966160301531269
0.18889232874712353
0.19159344298207884
0.19031412707036627
0.20318699367011522
0.19674579256829133
0.18618508948922108
0.19933889757446976
0.20081267969389843
0.48114415237079106
0.46535935105940485
0.47316491091738866
0.48678514085927799
0.46723489298001314
0.46692553367429945
0.47401485950158351
0.46580315091675806
0.46988391756240838
0.46577560786226974
0.46349780536505253
0.47699068452399057
0.46680521250145357
0.46168582006925751
0.46750827730986128
0.468682186531931
0.47225942559358453
0.47741528946858186
0.48418834929779109
0.45986177197034678
0.467794758843734
0.4550114201608107
0.47155162319570654
0.4739862638462341
0.46442684173486293
0.46228848194684519
0.46163827586487249
0.45751728997614088
0.47475863927774775
0.48510398558227386
0.46037499070401211
0.48282598015212985
1.0153123808094642
1.0049388273463387
1.0207626959529863
1.0223293957793291
1.0193567210576
1.0140347413020183
1.029666222876243
1.0138213048610516
1.0212609929619887
1.0213651276046642
1.0088271988109592
1.001071432658623
1.0020259848793562
1.0128229154906667
1.0189215031362135
1.0015863070654019
1.0101581968754416
1.028428922180153
1.001418949366951
1.0197251663182927
1.0188184739526194
1.0223486404453501
1.0040104095905287
1.0186713434389987
1.004642253532442
1.0267400131240536
1.0088976704037189
1.0189857376341735
1.0094082053058047
1.0170125321514651
1.0034352409461289
1.0181832917312132
1.1141023634889486
1.1091192892665189
1.1223136713555217
1.1121991865158427
1.1155791306080793
1.1133124149786784
1.1244287432262237
1.1038788052834709
1.1070217831514382
1.1074447903678146
1.1142461959776704
1.111363716382672
1.1160308870190807
1.1116661524852607
1.1050843918979902
1.1087767785727498
1.1128463853353505
1.090728209164274
1.1206199105244203
1.1047305124513755
1.1064661887959546
1.1114913940620086
1.1073539159903305
1.0975889237845333
1.1075628039830065
1.1207273288049797
1.1179864902534098
1.1195430622877949
1.1050141537757507
1.1077647624620583
1.1181197002469787
1.1216596930986198
-0.89681886064435645
-0.90494659168850233
-0.91277966992137649
-0.8854404794262658
-0.9094141860677144
-0.89346078202113566
-0.88967683707078449
-0.87031741316382538
-0.89534028135583443
-0.8978086192204624
-0.89308505762228574
-0.89264920414260907
-0.88581747051156756
-0.89115145618451841
-0.90304483319955864
-0.91406834936199954
-0.8943202858673821
-0.90230008808863849
-0.88515280828353204
-0.90751649369035758
-0.89506211140846625
-0.90271736855785911
-0.90391481393445672
-0.88297946412561135
-0.89529319016245512
-0.89817190510689371
-0.89058163075396812
-0.90314433457842425
-0.8997040492893903
-0.90192956220683229
-0.88032852732907718
-0.89394718633168713
-0.58481504595243605
-0.58079784925926692
-0.59153918418037632
-0.59128318432880322
-0.60352602077563988
-0.58605476929762823
-0.5878747288962819
-0.59341868557369659
-0.58006416875836475
-0.60479173312351031
-0.58655326131369401
-0.60142138754531138
-0.59948822743757735
-0.59177353896771734
-0.57900480897579065
-0.59987774544814398
-0.5983074465980428
-0.60006500522285011
-0.57336666901789846
-0.58570650331046581
-0.58667739629496518
-0.57292691522326566
-0.58796795652422218
-0.60746449274152114
-0.59422437920940796
-0.59995803232197653
-0.57323804200566764
-0.60178384407899677
-0.5875198550927796
-0.59431696456716721
-0.59370354408749793
-0.58987159868872374
0.40216977436099371
0.39760171527646804
0.39301978751580596
0.39786917067413302
0.39460518803568945
0.395736613642516
0.40425242134561945
0.40199690224856238
0.40723622006549987
0.40128106048652196
0.41923656885933636
0.39717479381824555
0.39493767340389835
0.41176461444968976
0.39737656976863067
0.40427542207403466
0.41137574586846143
0.4024189627175756
0.40028148506122668
0.41128214110042371
0.40599122772970936
0.39880444718281016
0.39326077066733406
0.40006938871321535
0.38942918189885928
0.39595410534111558
0.39409677561306494
0.40564907585956156
0.40954041380557021
0.39777779939799635
0.3995253198062797
0.39402477280131676
-0.8816469728575892
-0.87375994550073854
-0.86548278974915616
-0.8662730615166182
-0.86527870852981725
-0.87244799351323454
-0.89288498079186074
-0.86246501162263078
-0.8591863356612307
-0.8625858504858489
-0.86264985120635151
-0.86102839931565633
-0.84784253369630924
-0.86743270952521434
-0.85716086123426671
-0.86334552058423719
-0.86442321364779806
-0.87114473784323421
-0.8729022738386778
-0.87939135705367211
-0.86516330844260025
-0.87263233459421641
-0.88000899485788775
-0.87634561705657077
-0.87989882547240594
-0.85673635541794757
-0.87207074288024111
-0.86913991819708925
-0.88010539381684716
-0.87862165888000199
-0.86131729281959724
-0.87198572849124967
-0.58151916630438261
-0.56810357701328829
-0.56598600763449292
-0.57762747506850332
-0.57930131583036892
-0.58138436628799739
-0.58571875488804326
-0.56651788914643386
-0.59344372647674992
-0.58408888938969417
-0.59933047881826984
-0.59386102409172659
-0.57998952434983964
-0.57954296816386874
-0.58053741840370976
-0.58603242536845657
-0.58921721424544671
-0.58781765250549045
-0.58652163019997638
-0.57424090473962019
-0.5712130869039368
-0.57965835648741648
-0.58781335054161288
-0.59112442089323403
-0.5808049483148704
-0.58523570851017193
-0.59850141821408587
-0.57193860244825356
-0.58340199761673639
-0.58598502196079783
-0.5905703723899951
-0.59060214231712005
-0.97586050290235238
-0.99118084884435487
-0.98253774351709522
-0.97805799327320875
-0.96800188804656817
-0.97830875000909912
-0.98361768516685522
-0.98699142748181923
-0.97621835680738833
-0.9749820857315139
-0.9868745735296961
-0.97844895858511738
-0.98448291420042622
-0.99682550327110497
-0.99170464287355031
-0.97660415682212853
-0.9713444608693742
-0.97769032728621774
-0.98501424280729133
-0.98928898651537189
-0.97887127866693957
-0.98058171950766915
-0.99678308510910985
-0.97791728531645661
-0.98921268010352481
-0.97774657909786988
-0.97886690650009633
-0.9772959525895738
-0.97442100948608945
-0.97747070483676679
-0.9920544647126035
-0.99179633649676269
0.87198170803682629
0.86730694019280818
0.85027475787451756
0.846653623958318
0.87077362735058716
0.88184030870626229
0.87022993748475053
0.86137943829964658
0.86557738410757434
0.84070730732834131
0.85505603805279107
0.87178506842699244
0.87051858399219617
0.84567089232604808
0.87319158139814423
0.86780668441737008
0.87114855143451952
0.86167777222816788
0.86339415048367651
0.85439776304939363
0.86602702370097639
0.87081248628441232
0.85553944320611841
0.86640681735270686
0.85893930939309637
0.87203127988898055
0.87151259262161629
0.84373108941824082
0.86712631301866583
0.87180242763801741
0.85870155872931375
0.86156241184642379
-0.10456827156043436
-0.1128352686144498
-0.10427664892074988
-0.090373212470493916
-0.099339376091600692
-0.090639316718971741
-0.095052807433855288
-0.093318639198509565
-0.10228603413240113
-0.096853781677457909
-0.086531558978250961
-0.091055391755762369
-0.10061238382013087
-0.10910729808172517
-0.11097323985623495
-0.10130331046799744
-0.099652317720362163
-0.11856998720757535
-0.10147553958084353
-0.10041227034031865
-0.10078605766480149
-0.1078681974352699
-0.084147224976574397
-0.09604701515852955
-0.11471600545124588
-0.10925805005624716
-0.096662113243747919
-0.099069860386163236
-0.10227827168191306
-0.10360812368530432
-0.10514347606148444
-0.10710435327891987
0.82808408730120675
0.8413703105991448
0.81347774973047349
0.83047454443232738
0.84680662850736177
0.82997605717090717
0.82656057517630377
0.85218063826160972
0.84507287490352034
0.8351827357663596
0.83155072784301465
0.8344664257942257
0.83349192667922323
0.83435832788973374
0.83022667491452873
0.84083986052611126
0.83171363026006917
0.82128055254536603
0.82557825552878994
0.83629524783199305
0.82781825564307332
0.81572813531127641
0.84867674452235409
0.84033602912104888
0.83226404975762724
0.83185315459849196
0.84041836511838908
0.8475366481294121
0.83098050487541808
0.83954108969396479
0.83094643887829023
0.83881447089131733
0.49334078752316241
0.48760321755174418
0.50347425282966674
0.50221684923827681
0.50873463012389564
0.49720672103120939
0.51411597137180653
0.50353264187908653
0.51552589747574717
0.49991730205348739
0.51523806100059566
0.50220698244006856
0.50391467443146287
0.51073572142018875
0.48808641232700523
0.4939114661847443
0.51794365074281934
0.4902576685503176
0.49861607279576992
0.50725370927146729
0.51486310304028682
0.49855904757126485
0.50383710751705457
0.49340137677242285
0.49958629656195308
0.51126770818179901
0.50549038814025282
0.50252919150831699
0.50632349403046495
0.5039508378928752
0.50422402640570319
0.49990586178185542
-0.33193372218950029
-0.31822754582084001
-0.33335552383343892
-0.31537046284618692
-0.30619040449564489
-0.31124737422983462
-0.30460013587347051
-0.33238579279986746
-0.32174086543331437
-0.3305926206309876
-0.32985080463625377
-0.33792005405511705
-0.33375412714914576
-0.316614586430437
-0.31789892573901807
-0.31370522730685535
-0.31432553579040651
-0.3171469423294111
-0.33024985373355681
-0.32453481025147279
-0.3175007709031018
-0.31323123313577012
-0.32662849448594822
-0.32759629446949584
-0.32711379977181937
-0.31032257924711226
-0.31880449060345462
-0.3260724231139332
-0.32978561806303919
-0.31983695162706877
-0.33729461575911052
-0.32529646727210476
-0.44144399147257535
-0.44155631931181571
-0.43505495385320531
-0.43329287529101024
-0.41163117930381998
-0.43583837823852623
-0.43092906563754085
-0.44330006189071108
-0.45030605614399927
-0.42722779259006649
-0.42045736760882446
-0.44484373016286066
-0.43720236614554919
-0.42743121638720205
-0.43580257975384867
-0.45630876873687676
-0.42823983399836829
-0.43773210280017671
-0.4305754624705444
-0.4444932219229849
-0.42927663310846281
-0.42798923656087856
-0.44248744400090062
-0.43248267864218376
-0.44177395947968223
-0.44068985852761761
-0.44401048589056163
-0.4401055305534271
-0.44211580159524794
-0.42689426008323894
-0.43839911476025484
-0.44580590700387834
1.0214013211248623
1.0146010943828661
1.0182800497883022
1.00961800725979
1.0158908804257649
1.0093560806029385
1.0023207178213964
1.0110543622615766
1.0113739649279996
1.0113112994086713
1.017118262388975
0.99596557343542325
1.0126487224531731
1.0036675385837768
1.0079274963522831
1.0139108186583319
1.0107947482365762
1.0047569856553189
1.0165036220381518
1.0098409534539936
1.0179933353915624
1.0204615385006366
1.0074238622199099
1.0013590119077942
1.0110437121698896
1.0170704119352683
1.0130146568577478
1.0008264014997299
0.99651583818325107
1.0027081973293646
1.0026409971102261
1.0155279746396153
0.55761565595128215
0.56427015300593308
0.55642075643239164
0.57082702623118431
0.55723233936906535
0.56167801457604527
0.55380418546632137
0.56082389655271503
0.56606299548559003
0.56352108545706325
0.56763217834391255
0.55224899539765349
0.56093580689772793
0.57116986394066527
0.5592873286812784
0.55589089634942246
0.55535266879559131
0.55294737000742744
0.5584211578142062
0.56858897272026188
0.56093486314760554
0.5570360500504723
0.5507629338771225
0.5479633659904265
0.57667531878623168
0.5534001412388706
0.55802847844371883
0.55326010332753572
0.55856949726429073
0.55370739190641005
0.55804449553738034
0.56896908987045358
0.28447380878304079
0.29477169557675154
0.28990376907193183
0.2962966026682709
0.28489449414541573
0.293713954691326
0.28241433034621016
0.2755463342288626
0.27964222155049456
0.28256565320623528
0.2811302900357735
0.28757960575854663
0.2991404553647935
0.28092343161850192
0.29376969730250857
0.29133864550505179
0.28436769236093856
0.28251239283980401
0.29353497576561371
0.29394633223284522
0.28723330293584431
0.28882451841656237
0.28995663928118764
0.27939982852080458
0.29089415291726206
0.29249116887956145
0.30422037716070371
0.27970734398153763
0.28298193803761768
0.29068689929410707
0.28526677285515833
0.28672615876509583
-0.31660412756516976
-0.31903975258205386
-0.31693802072456695
-0.3131138779663078
-0.32973482088063738
-0.31213511369310654
-0.33479158661426878
-0.30292477497420134
-0.30918171726864097
-0.32154665596111232
-0.30843131089112136
-0.31781640118016513
-0.313129085294169
-0.31052576910218022
-0.31380533989342546
-0.31658279052654453
-0.31158934885481732
-0.31811459762927929
-0.31960807592007651
-0.32419432928606695
-0.33110299751447991
-0.30381990241804779
-0.31028063141415541
-0.32780889023399939
-0.31336292886405748
-0.31487020948345407
-0.33422221562390464
-0.32322745570775929
-0.31736968906940083
-0.30272107603262094
-0.30771922235122168
-0.30640329530269528
0.95270763034149808
0.95818902915759074
0.94074971955163478
0.95513167827146561
0.95604525552650765
0.9400457112353191
0.95222518625947117
0.96243609515409623
0.96568809569795599
0.96160595637161117
0.94458966716888881
0.94953493747876372
0.94612413648025395
0.96015770227365838
0.94351690640406127
0.94189004413930832
0.93730361728913447
0.95188693767400856
0.95380479527657669
0.94551194954851825
0.94425342607790519
0.94883078653149022
0.96111360883663521
0.9395576827875386
0.95001111250152481
0.95203365692351904
0.95336042041602942
0.96044356355034433
0.95702548475548588
0.95257769303941642
0.96211170047656991
0.95955014514394432
-0.77394627288886975
-0.77436966737667623
-0.78575401501261377
-0.77522082215791788
-0.78254731174524295
-0.78540254944461763
-0.77847934331330415
-0.79011264376171575
-0.78342610362537513
-0.78043638114992453
-0.77364411828003754
-0.77891572853057967
-0.77320074846445674
-0.76369558403089044
-0.76982997133683162
-0.78566821261411912
-0.79068410703872183
-0.78381644000878492
-0.7836208898071696
-0.79241202627143215
-0.79034821347087392
-0.79035798906945431
-0.78148554722175656
-0.76527369149425772
-0.76306530638035341
-0.78498068343624372
-0.78052447459920771
-0.78788884512066748
-0.79001154838163046
-0.77760153646368935
-0.7767015965449291
-0.7821969060080084
0.081206743739880238
0.073444558776258384
0.084804540369319087
0.072040133189075442
0.082875555108986615
0.074395205410575718
0.076992677980207938
0.080973096536090652
0.065274279949634542
0.070028377983671966
0.075389822257269479
0.07371471288611528
0.07800983503991403
0.069456372570950706
0.065292234024403192
0.07507018360754554
0.078224525808513315
0.069467889831957869
0.085648863092409863
0.081491246187060384
0.082753921253535506
0.082254605376745796
0.069148892450491203
0.093062814840840391
0.070431553294644733
0.079214096228273218
0.082075344862603941
0.079008302284315948
0.077907473936170618
0.069974393351956446
0.073344822456111666
0.076843869966932404
-0.186288541847032
-0.20192964593520607
-0.19109672136646919
-0.19305132254982763
-0.19580651558769369
-0.20084330951552229
-0.19750795257262524
-0.21016302109390619
-0.19542614864370919
-0.19362706070021629
-0.2003149491947476
-0.19192591342741053
-0.1935681523068781
-0.20186977372526177
-0.18932207200895276
-0.20025791423140241
-0.17670474905637296
-0.20418328716048575
-0.20242338688048173
-0.20103978046693033
-0.19404880624534251
-0.18666943397701313
-0.19521879490388144
-0.19915615518147425
-0.18075380947732464
-0.18780425078298713
-0.19821508842707841
-0.19689004221993658
-0.2082509758406394
-0.19571536825810998
-0.18227887594071226
-0.20535922295513409
-1.0607247179044377
-1.0483537762668529
-1.0685671732532385
-1.038333423967202
-1.0615766366585315
-1.0552942247155581
-1.0508248093089798
-1.0399898244783954
-1.0464671882779097
-1.0648332892016263
-1.0632055043953916
-1.0481246744163728
-1.0665440573285325
-1.0522030754635641
-1.0564977689692845
-1.043538586354946
-1.040336579283853
-1.0700961830326037
-1.046599397481188
-1.0449409866955419
-1.0562155768162018
-1.0549065785239331
-1.0597360378711418
-1.0529251936403266
-1.046938414443386
-1.039492844102917
-1.0387074801997991
-1.0525153676853851
-1.0569006150896407
-1.0422724651498949
-1.0723613697483905
-1.0614987295418481
0.81483338364361302
0.82751884074863358
0.80342393994961259
0.81050358722291616
0.80076153229552771
0.80909986130445222
0.80908170273619695
0.80365588518987829
0.81285082073973891
0.80836616174272447
0.81379251093431204
0.80814107203138585
0.80012329303506891
0.81090960919168198
0.81665453413294342
0.80351045890741779
0.8205526065242339
0.81344427042485634
0.80696879440119118
0.81014049670913602
0.80650695021209617
0.80266490573750637
0.81723681283815397
0.81712269796727277
0.80628506873095729
0.80844022139518057
0.80823690850949392
0.81549212653732939
0.82165548052098802
0.80465458066163942
0.81241290205409722
0.80979075428491387
0.62110883899619707
0.62819591285368215
0.60965518537713415
0.60017339182585228
0.61531868130218936
0.60385656518301956
0.63007993029630827
0.61111684593517657
0.6144510705398375
0.618665187082863
0.61839075844162827
0.61335962988534354
0.61673887594492494
0.62433365696346521
0.61428703298977172
0.63159725675244049
0.61962684787990585
0.5979409053199678
0.62393512208756718
0.60273419650249382
0.61951173150401939
0.63490581635143628
0.62546774838368469
0.60776823287895887
0.61032557603532378
0.61700984440217865
0.62848958487748863
0.61099615001042851
0.62573634422595503
0.61934038545615688
0.61606753686492055
0.61555472656896026
0.97034838337340523
0.94481690915232164
0.94778897696663478
0.96407977291176961
0.96483256481017843
0.94646233588021167
0.94951025360427188
0.94763732921030441
0.96128112841754676
0.9516081945807795
0.96827937124831531
0.96304010077676161
0.9590020578076196
0.95848019548584551
0.96121181886465101
0.96363042482633554
0.9569581489348673
0.95891547096972829
0.96316289359459739
0.95629516139220039
0.96485516985678588
0.95574146868902987
0.95068358646310547
0.95834423127313628
0.97009078437841201
0.96882646894016899
0.94400945876924336
0.95926861395824203
0.95282466885474348
0.9541730542058301
0.95400756808971521
0.95491161535326208
0.43920762911416283
0.4411747154718928
0.44516657709757557
0.4337298648267533
0.43347953610199302
0.43438820419980539
0.43426977420593116
0.44810560776147268
0.43448197328908655
0.44269187822611678
0.4438393393832899
0.44905609054096624
0.44355105778443604
0.45177628937350606
0.4428603741550593
0.4453241242701596
0.44940926262007458
0.43165140663863522
0.44644435371175939
0.45542686351166012
0.44422420853818512
0.4413857324559507
0.45855652827414062
0.44417654359376929
0.45320609787385496
0.42432125518900632
0.44417351866826787
0.43931200336484971
0.44641006835313651
0.45280626933613632
0.44214532440573262
0.44154333973565202
0.98743458709490328
1.0163099803332114
1.0206486308342153
1.0112122142836646
1.0061983441057303
1.012937865905565
1.0182917560306122
1.0151890358382303
1.0266620125622725
1.0055429440444486
0.99914349871034902
1.0139455498582353
1.0201819540412971
1.0063655637645443
1.0100648424856453
1.0048768978793132
0.99996119373448433
1.004130327919976
0.99346458398468007
1.0121785027999297
1.0136967626158475
1.0170866995698005
1.0033629399740167
1.0048713822400737
0.99653131144092177
0.99830350420140379
1.0170808466364023
1.0325454923428703
1.0014958277146593
1.0067829856698183
1.0173981583877203
1.0043729360900977
-0.16538985608565221
-0.17247470564355505
-0.17245458765992847
-0.16280777907209934
-0.17208970285895017
-0.18020113617938277
-0.16346288443984264
-0.16984940990389363
-0.17448414209055146
-0.17648624463745985
-0.16540935854132299
-0.1758087661724104
-0.16908044952959358
-0.16202515100892051
-0.17091351820343492
-0.16131965775643081
-0.18107834608098297
-0.16517227517352867
-0.16577884392010966
-0.15504024147585468
-0.16986540172475614
-0.1628652837438713
-0.17130115064967047
-0.17852011347863955
-0.17706137784107862
-0.17568156188338879
-0.16379913775857582
-0.17625778073206549
-0.16968786424995572
-0.16281721540450197
-0.16007548948331335
-0.16250690795184039
0.90193257714245889
0.88091948665818254
0.88608517356742333
0.89253636330221886
0.89891784772306094
0.89402323864876421
0.88386062699755685
0.88847816305975924
0.87678737100621007
0.89646051230327484
0.87570575347580326
0.89172610881791836
0.89861581398840928
0.8972305801383933
0.87710230458829386
0.89171278507053786
0.88721859771271228
0.88762481354444078
0.90314087115728248
0.89229826126042733
0.87854072113491488
0.88136248534104344
0.89567962746832119
0.89179789406374188
0.88091411852911783
0.87656918387893623
0.88554147986793508
0.88644695798511863
0.89649690959354134
0.88505812918114934
0.89528612033002475
0.8996201051207231
-0.1229099126171891
-0.11478450909407702
-0.097688883092354559
-0.11368828675529731
-0.11025044866468031
-0.1024152221112227
-0.11623554779594121
-0.11348604694715347
-0.12341932508967214
-0.10576304853970564
-0.11412698110275601
-0.11319816371621887
-0.13085207560112835
-0.10252166161463727
-0.10473626479515021
-0.11666827542907819
-0.10049979400060882
-0.12996324006376458
-0.1109056909236936
-0.12386695409666233
-0.088565453526500887
-0.13134626314805348
-0.12019428258160694
-0.11652037966214458
-0.10401408067103718
-0.10381950112535017
-0.10738417783580567
-0.11249817959709862
-0.093363175404403628
-0.11630180934548144
-0.10802575317612259
-0.096510456956995061
-0.45377665043846688
-0.45038050700760895
-0.43504837920327172
-0.44024538644944172
-0.45443136029220055
-0.44364631614346295
-0.428475972245423
-0.44597588316576808
-0.43745531345787719
-0.44290548494783633
-0.4494609156083253
-0.43098739007627912
-0.43615428002263007
-0.43433184906710165
-0.44516019217950459
-0.44313410777355439
-0.44215482597409372
-0.44037455090294814
-0.44675015924240596
-0.4480209303862181
-0.43345463496689413
-0.45283255143057233
-0.44755806257776787
-0.44704322681424252
-0.44813876403814695
-0.45372162349783041
-0.45019210701988227
-0.43758610824357197
-0.44692819941345518
-0.44997390904070345
-0.43063433609647811
-0.45475714675276896
-0.3690454266263673
-0.37453803986432843
-0.38824835151535897
-0.3806093412867893
-0.38050289456011754
-0.36699264869667231
-0.37001544690511684
-0.37962636448500992
-0.38683932365361801
-0.39099001332232108
-0.37875871837662439
-0.38865913781952666
-0.37882330117464508
-0.37905031150607077
-0.37437636396248225
-0.36936458229783192
-0.37652522594147531
-0.37361396012651499
-0.37878067900826379
-0.36904198198894461
-0.37084728917637549
-0.36458899367738912
-0.36632587325974708
-0.38325420221826789
-0.38912888691538378
-0.3722338820508943
-0.36819582485501517
-0.38279080198640764
-0.36534295276052153
-0.37661398389725548
-0.37811050640740795
-0.37454359187661984
-0.33537287416880357
-0.33731714593442019
-0.32690272982090934
-0.33357836615487269
-0.32431008121593002
-0.32422704658295509
-0.34483273618844862
-0.33068789174945512
-0.32003226746308028
-0.34294016547919037
-0.32700344375005025
-0.33517045050995825
-0.34008454184670189
-0.31538399705037695
-0.31569737848742263
-0.32775008988261134
-0.32838379918834171
-0.31323616468451931
-0.31475736920408393
-0.32447557487356188
-0.31743346300715486
-0.32356879400076632
-0.32691968974888352
-0.31945928313258021
-0.32785213154473147
-0.31969484180574592
-0.3264109553413902
-0.32810612011624923
-0.32900957530209135
-0.3207956084553979
-0.31693530685051063
-0.32101549843824079
0.28192109806194665
0.29383201508628837
0.28169207794743623
0.27987131097444307
0.28729010963752522
0.29538424615976538
0.29442608025855771
0.29341965731525577
0.29997320947526712
0.29587632791235957
0.28611717065928138
0.29527354162042291
0.28686342262781961
0.29220499281197032
0.29378391369509543
0.28852019886285274
0.27723166547958772
0.28798337948048236
0.28670337285357123
0.28832422870278179
0.28585477306774648
0.28025431241944043
0.27644410611598347
0.29457262317936977
0.29558027713924945
0.29230648849195418
0.28897154116323276
0.30495071550984054
0.29466602262674813
0.28953224185992754
0.29600038557397362
0.28884792023801226
0.41501474997918458
0.41167374514455307
0.41373970342340333
0.4099742782292527
0.40589369312399276
0.413552886235241
0.41844726287225187
0.40226492821302723
0.40533487453517175
0.40089309241253562
0.41653207854404006
0.40783098769310838
0.4166533565342333
0.40330280931199636
0.41616074377742873
0.40505765677718236
0.40594959310735507
0.41390179021811324
0.40654025368359725
0.40490555973181414
0.41673401956594008
0.40913060879775565
0.41950076918492735
0.42974559261865075
0.40520962613102368
0.40697915013271119
0.39760706999397938
0.4003021421014662
0.41443996001386146
0.41206104046374475
0.41188889165083403
0.41333898623490273
0.34300951349865932
0.33633683901530603
0.35828146517614379
0.35166425782677313
0.35869402141063683
0.34946770873230421
0.35572043442178464
0.34554813694999437
0.34968595044605172
0.34843184868240895
0.35267867762187477
0.36080530107539227
0.3548506702171359
0.32684343513015068
0.34891506897844876
0.34980695330938993
0.35611732700385396
0.35086557712660288
0.34420007081915754
0.34353678920627512
0.34709103228021582
0.34415256848706999
0.36102259183325247
0.35453636757971146
0.35020752204201361
0.35744633522998054
0.36682728273929116
0.34813795378510165
0.34955606687972113
0.34742328485371399
0.34007543590613531
0.34481015380526786
-0.99092006964004831
-0.97972807160406572
-0.97995471865255634
-0.97661090631306768
-0.98963613402504347
-0.97566379700872929
-0.99122673649666204
-0.98494988389046123
-0.97329954682400688
-0.97372877433784921
-0.97487340871822226
-0.96679555913866444
-0.97518784370077838
-0.98540921853968566
-0.98516173802038121
-0.98954212629015059
-0.98155330209139435
-0.98936060712199714
-0.98830723618162231
-0.99116290348983083
-0.99675994473972707
-0.96373913746742512
-0.97634293483441403
-0.999793919709701
-0.97985717981473519
-0.98780081456768665
-1.0003054757277383
-0.98505718016975774
-0.98168782671450427
-0.97879114162713543
-0.9746219413702859
-0.99007586188359487
-1.1970891583800627
-1.1914157416870261
-1.192385402636388
-1.1936022183347794
-1.1958918701519696
-1.1868941678896077
-1.2066316341443148
-1.208482717117485
-1.1828865689194206
-1.1932983298070263
-1.187820621800082
-1.1948088165449937
-1.1994818729243206
-1.2002062679047236
-1.1954531535731534
-1.2002754869413899
-1.1970847777254148
-1.1971664620434734
-1.1900106505226091
-1.1902028603929595
-1.1838232025116815
-1.2020544598698013
-1.1967397147872556
-1.1887988832950096
-1.1935995745590531
-1.2156383517890124
-1.1934587948588202
-1.1963738582234926
-1.2000455107128105
-1.1995605737475687
-1.2019403807671765
-1.1870297688354012
-1.0707828082856063
-1.0745014189430662
-1.0673302704545293
-1.0687536605852712
-1.0826148433424678
-1.0843990740443146
-1.0840466752834848
-1.0701263982161116
-1.0761648349226007
-1.0664399989339926
-1.0718492459781805
-1.0775381392362771
-1.0858459266496787
-1.0779864054795745
-1.0583151896800926
-1.0813126578466845
-1.0823558502483699
-1.077595284239915
-1.0651648287512898
-1.0761759399935953
-1.0845503127112088
-1.0806554263756543
-1.0769240527189341
-1.0752210084221538
-1.0678458967743518
-1.0562261807827447
-1.065120342905181
-1.0708250106500818
-1.0760129822439217
-1.0821567300531048
-1.0712920191539732
-1.0657714237000899
0.93064692239596558
0.92315111811168382
0.92941342600678012
0.92241122877832638
0.92289416403293711
0.92232779120895614
0.92471582544755659
0.92348539835674726
0.93205995702567179
0.92410993620066206
0.92331746499086254
0.93224843840104799
0.92946310079919581
0.93289992474847527
0.91804727058059188
0.93430817231138907
0.92394219310846848
0.91574756983152639
0.92272421888464717
0.91427557654721803
0.91610899852992733
0.92065387255491393
0.93132916512274733
0.91336425947961986
0.92606200936780414
0.92175419578084106
0.9359610212301599
0.92530559846946003
0.9284775322341039
0.93475016337668082
0.91521097553476682
0.92107608421843457
-0.78123407161042202
-0.77618087470449737
-0.76713249927170879
-0.77097410186129367
-0.76653481323908246
-0.7728368579517999
-0.77511596442338204
-0.77083971095018022
-0.77663622772889551
-0.77849237979684394
-0.78223062433434964
-0.77090529498502247
-0.76656159545856817
-0.77954274407921076
-0.77370240821988567
-0.78799553405598444
-0.77946867245120677
-0.7697445084642035
-0.78040618576276943
-0.76694620483126896
-0.77349394332413368
-0.76753968302578823
-0.77470117374198622
-0.78147131857674146
-0.77059370727894638
-0.76486384966416088
-0.77451988435647612
-0.76748610148926422
-0.77597744542132285
-0.77316799455101903
-0.76082666504544127
-0.77066267333704908
-1.3177608061684196
-1.3062268924981146
-1.3101045684777399
-1.3145994711780111
-1.3051274779316224
-1.3329780498109052
-1.3060301286104727
-1.2957435093571104
-1.3081599412753893
-1.3250994543590853
-1.2999320854706966
-1.2909530668537206
-1.3059670698250672
-1.3186492394701275
-1.3156103303747975
-1.3113829846220428
-1.308892501989982
-1.3012522156804809
-1.3059753385720227
-1.3277790462549999
-1.3126768469825059
-1.3114422302320627
-1.2959073674948047
-1.3147905810628182
-1.3210745848251482
-1.3126699276806399
-1.3082151165689582
-1.3245413701659225
-1.3018819967646049
-1.3113440130261225
-1.3039112708839971
-1.3049719520480878
0.20718588786304343
0.21389739528838433
0.21596270802762998
0.19991177245642722
0.20252055643257025
0.21114496963559645
0.2043159540593382
0.1984730997152048
0.20386527116898764
0.19647805197980706
0.19920888823984642
0.17646211787100646
0.20417487693421343
0.21742823141409673
0.20880401740572976
0.20853826012074703
0.20459254604791968
0.19729482149744088
0.20705049422228408
0.20365465263579524
0.202187567699329
0.20512457045800139
0.19882523357472498
0.20426779949996757
0.20831013631414833
0.21100629830440798
0.20436506936100213
0.20960331070018609
0.20466777883267914
0.18563781325757628
0.18820690499195056
0.20168172177006155
-0.81875873678349909
-0.80564485801268348
-0.82031558475058364
-0.81328011249522736
-0.81434341461517823
-0.81584373128486398
-0.81461585816104298
-0.81026344012620333
-0.80934868133542948
-0.81418140295763985
-0.80872775237837968
-0.80588209864755844
-0.81157723192022146
-0.81540793428216907
-0.81531758332814908
-0.81377536071858325
-0.81419729806940977
-0.8094088384959377
-0.78906806476484637
-0.80125635981807897
-0.80972033088526141
-0.8053420533434883
-0.80537728742188897
-0.80008950874299334
-0.7988258907082918
-0.81741871182384662
-0.79249206331593758
-0.816541228535273
-0.80912927126039358
-0.8163106658310354
-0.82309340157921962
-0.82374863989371183
-1.2343906750327756
-1.2381926326135742
-1.2574555232318936
-1.2584617107387903
-1.2381325408004955
-1.2572526941742852
-1.2461455506177046
-1.2338168867793482
-1.2437578976500119
-1.2380717564247343
-1.2479779578681165
-1.2629869002807843
-1.2560890857315876
-1.2636876733306186
-1.2472207480767072
-1.2600235671340256
-1.248794841107151
-1.2537027563296625
-1.2552543017926399
-1.2458090155930412
-1.2535336447460801
-1.2563561994821875
-1.2420524328829119
-1.2501771608003704
-1.2614578989974632
-1.2405884763409114
-1.2609836883158103
-1.2481057137333755
-1.2457972112249827
-1.2520031342365856
-1.2564434410090228
-1.252511011547141
0.86729497443157366
0.86136532144206301
0.87673382140695377
0.8652833528138435
0.86431548131862457
0.88080133577075193
0.86420876498908494
0.85795604216973065
0.86945384793167835
0.87005921040705358
0.87022849744538344
0.88637949874034438
0.86558786455961034
0.88058102780901593
0.87695472811800756
0.88146617492212542
0.86928452451205729
0.86756167749045021
0.86849669901533655
0.87256427459474251
0.8777030150158226
0.88314763895886284
0.85622874704992546
0.87859542458882867
0.87313515613416925
0.87058212358662246
0.86204764948354384
0.87292935007838424
0.85590615168378403
0.88005092558454778
0.86288602778534618
0.86929739482969703
1.2822587667399563
1.288118695446349
1.2730754951752481
1.2901383837153466
1.286834823489734
1.2958126136964312
1.285957969263166
1.2825623710531042
1.2686467269789334
1.2806672680454561
1.2965838195075077
1.2799715518562962
1.2796626982022543
1.2824457590739216
1.2902971027882157
1.2696450496278278
1.2978362537725949
1.2882275958358225
1.2892515565289977
1.2834935582661913
1.2991161313175039
1.2801256018204088
1.2900115780339874
1.2844003926772682
1.2736216484324403
1.2825049348304323
1.2892325719123978
1.2813832056058185
1.2803737711502856
1.2834388562718513
1.2767267771544835
1.2748278484859901
-0.94918745125465898
-0.95715807946855103
-0.94525038954712448
-0.94412036932379084
-0.93956922817545629
-0.94204959333218319
-0.95192142965048465
-0.94645158669289431
-0.95879438796615746
-0.94635516642345852
-0.95366249849031837
-0.93904992931080211
-0.95524751735086044
-0.94838940512738312
-0.95578788024280659
-0.94482843173727804
-0.94473255266630718
-0.95765302245516082
-0.93428928686255108
-0.94583964297025147
-0.9609741795247384
-0.9568926985992221
-0.96417359927537916
-0.96559320794092451
-0.95090943468646716
-0.96624016291753168
-0.94678618401515269
-0.96269680372459043
-0.9528237641600289
-0.93629098866228144
-0.95263820151142153
-0.95009769033065306
0.033297949650764186
0.021011206167470896
0.027729396126169464
0.017088486792739159
0.020503902804859114
0.02451183674082183
0.023566594207563948
0.01742639889214468
0.025242990405191755
0.028226429619496549
0.028504958796718695
0.023760581553478873
0.01598529212426867
0.02885229771175072
0.030177758368100209
0.015645026604156131
0.0052357044228101939
0.021904945890534187
0.031434842281646537
0.03025181633463531
0.014053677723732401
0.033834961121110799
0.016275765126235107
0.030635054630594107
0.01996633335525843
0.030969175599747809
0.027278347755826982
0.021468874949776218
0.028884774211784269
0.018043510410475808
0.020236876977148426
0.020727646882324764
0.51646530523733547
0.53055682251578429
0.53057909072935405
0.52321281275944154
0.51554160923374259
0.52683719961923758
0.52539664785474649
0.52815286802941019
0.52305553169001606
0.52136557145905993
0.53412723772545234
0.5183067762358804
0.52160137048706012
0.5090014383892999
0.52010656477213646
0.51926324808759683
0.52037471551123893
0.5276435519887116
0.51823379658236091
0.52633062157086119
0.52001346500491885
0.51945757794599912
0.50832154388780115
0.52614870592764129
0.52784597814105705
0.51512354525196835
0.51814400666399563
0.50851491610752808
0.51989647894315039
0.51401049015706946
0.52565974049858344
0.52167036415926371
-0.92599516582134822
-0.9373700085339769
-0.944208607266524
-0.93144654851244968
-0.93549483583205917
-0.91641963117519132
-0.92900249367983068
-0.91954481405574051
-0.92670072147145999
-0.93338569496059676
-0.94287888496727479
-0.93269271535748599
-0.92595480499479887
-0.93019827701585589
-0.9282265341174627
-0.92841385937225873
-0.94132152471034392
-0.92841222431423143
-0.93713552677253353
-0.93114949749173714
-0.9200734775753332
-0.94639263922066252
-0.93285503030121475
-0.92808186161656236
-0.92230413634313968
-0.93024977779278628
-0.93731656716359546
-0.92461059103218268
-0.92624697043760473
-0.9446681743000177
-0.93022821589345328
-0.94421276454095737
0.72851286077927391
0.74142227050828702
0.74191614296441355
0.73249265543011921
0.76409371834926687
0.73900138680311711
0.75235628804797061
0.75515199483910478
0.76671880637097889
0.7468566370637636
0.76232782089919904
0.74062818165138899
0.74939550283095091
0.74653553681239149
0.74181814800513313
0.75243892988114036
0.76491147942717541
0.76658096183061941
0.75520356712134207
0.74084658692526584
0.74342150858891587
0.75464235342009534
0.75441248893076873
0.75433140754687755
0.7476860356947197
0.74265363587293465
0.75347401374890799
0.74968137211425501
0.76113023119066381
0.74435590208178082
0.7566410276895229
0.76069208885239603
-0.70101539560321513
-0.70114473200619098
-0.72493756198050263
-0.7261295324683702
-0.71555721534048222
-0.72365646370277237
-0.73567792370984009
-0.70495658926055726
-0.71272920683634
-0.70848339124363813
-0.71519382061770198
-0.70733130587792825
-0.7145362944927961
-0.71549380064389878
-0.70132572272972349
-0.72586647695486484
-0.71233128105010679
-0.72927265079258774
-0.70468261187592107
-0.71845691240933174
-0.72629561692480249
-0.7311730067065968
-0.71842858923124853
-0.70092421102919289
-0.71272050917549279
-0.72916689333030915
-0.73303325771820316
-0.69403279140124197
-0.72131790298568799
-0.72853573545756689
-0.71562268517311445
-0.71209016388731639
0.7559323633165993
0.74163656191348026
0.73749513685365375
0.74867086167956687
0.73675440691132232
0.74611401209327499
0.74464607432614327
0.75110780836772195
0.7375482061327292
0.73774731214849854
0.74551310123117476
0.74694482252108185
0.73138525275490496
0.73667254238869795
0.74455008049235527
0.7401475757153293
0.76151116984561884
0.74893037969401521
0.75322806913038221
0.74253342243277121
0.7438365486507077
0.74412944624039257
0.75172303006811991
0.74052526848779288
0.75584803808215595
0.73724488587211934
0.75122612453240434
0.74532572579306866
0.74025026291421325
0.7559618593920916
0.75109141038454286
0.74172331707489492
0.55700257958589405
0.56988363329841596
0.55672279346796882
0.56760795386467777
0.5559518273828391
0.56405585164791006
0.55624323955887733
0.5616307772820176
0.57651284923987134
0.57718548454409846
0.55937602006829912
0.56101868557837797
0.54972228855237548
0.56559466542824499
0.57230203195643947
0.55635978190959923
0.55585984123597798
0.56607020830352073
0.55862167001765639
0.56473951840506342
0.57570738228077467
0.56695168566822707
0.56868363939499622
0.57841198156016105
0.56522055220331724
0.56884066388284793
0.56379004096203045
0.5572007999334736
0.5762040057498683
0.55209682379841885
0.56395062531155449
0.55396391798474698
-0.99667490285579619
-1.0004113775889572
-0.99211941801304016
-0.98630179838385257
-0.97958372968073959
-1.005189930354931
-0.98821189362165751
-0.99325492997962483
-0.99503614259697326
-0.99096965936241288
-0.98843504984464381
-0.99088979742537731
-0.99001721126064601
-0.97245808115821641
-0.98916483713861447
-0.98728056657752528
-0.99920214750241987
-0.98124943467630732
-0.99419371105404697
-0.9907688912107836
-0.99619990649164958
-0.99075197653914393
-0.99746449195041054
-1.0003624448830593
-1.0011858287100366
-0.99308010218157738
-0.98988939412590582
-0.98423106495168389
-0.97672949282540877
-0.9751038945212418
-0.99506753254748448
-0.99566551681908855
0.089399959048129279
0.076325600493043128
0.092390718512961281
0.091770961602940668
0.075798019483759083
0.089501772547961364
0.095018464981527717
0.08718018108940194
0.081275066186275474
0.08225437941153084
0.087407640077315704
0.077725363942597783
0.086343134116902198
0.081779621480321724
0.077755481710212473
0.075877589100485948
0.088117673956919579
0.076457144079095152
0.085447572012283785
0.068940231269999902
0.082106148647980187
0.084549495033341165
0.086487234053607573
0.091192435073312872
0.087847475812777895
0.088137975858580325
0.081536455349369374
0.075436498784493683
0.074438377277286152
0.077611016452928616
0.0856378513352751
0.091732698519858658
1.193144496511042
1.1919942648590058
1.1964004447446879
1.1877695021453551
1.1917786471621545
1.1895100797638956
1.1920365602047038
1.1886393385868808
1.1801092148654457
1.1873377271710699
1.1839140681128546
1.204094762365884
1.2017099596587497
1.1853997142641812
1.1835228894644185
1.1904754166640801
1.1784054508826063
1.2001716168359109
1.1898508694105911
1.1865220115619575
1.1985579648774809
1.2004006134840102
1.191414280688976
1.1981931326051352
1.1770040177426957
1.1841547642933086
1.1834827836767789
1.1772897955064427
1.1970064769157263
1.2091632108881818
1.1796634126038552
1.1856384219540466
1.1718757883580393
1.1610853190484984
1.1633218453981551
1.1570360308193324
1.1660138403227776
1.1556656942937455
1.1693570127661777
1.1675020906811875
1.1663329226686951
1.1572916418524115
1.1616565725259644
1.1670694974340841
1.1562734755367174
1.155583695330417
1.1453581199967739
1.1590818818905793
1.1621223382946111
1.1708337131231148
1.1537711705916478
1.1518432874113813
1.1728375930724069
1.1719519318973892
1.1542781923883676
1.1593501886230493
1.148844009962489
1.1627423458637047
1.1734944159736398
1.1695292133944872
1.1549186322409368
1.16549371559083
1.1575909923472962
1.1657934386489015
1.0456243569322448
1.0549385074755542
1.0599451159318765
1.0525312156897311
1.0528348445461224
1.0531021858875169
1.0569199244321228
1.0467112175105699
1.0486655648723442
1.0488026672495987
1.0604467217878697
1.051306659649321
1.0545380790100842
1.0471435201716455
1.0393309596276912
1.047632542091377
1.0538345929409736
1.0476041369023008
1.0455688608097964
1.0471272366604327
1.0541804633132754
1.0534606197909611
1.0500755297907611
1.0426134191197953
1.0446951838931702
1.0785622926589131
1.0487235204798753
1.05494611141173
1.0524789287717484
1.0391569134816043
1.0604970859062546
1.050704631572323
-0.23699995933513793
-0.22394747019303074
-0.23441149673458014
-0.22744746434060042
-0.24040970510989873
-0.23138124520987066
-0.2247180452405135
-0.2338202878656532
-0.24107081665761129
-0.2364358105670552
-0.22468885394931953
-0.24251253168481088
-0.24095689270784512
-0.22393766233160164
-0.22914984031693758
-0.23041858789125835
-0.23357409863429962
-0.22696456148771563
-0.22352986836373848
-0.22654123471027227
-0.24385633489715097
-0.22509772513881487
-0.24309265488541679
-0.21653431332131659
-0.23358167266897853
-0.22529022011205332
-0.22746086193437703
-0.2351006050968947
-0.22061222452616455
-0.22826280441786853
-0.2132517725181112
-0.22474166573241378
0.22606506403185903
0.24327430507335984
0.23448620743315288
0.22366121273924017
0.21727965434343671
0.2388055067739456
0.23333146893834053
0.23332784561703845
0.22112783914172315
0.21888825403140819
0.21664857189441902
0.23273396851177855
0.22246059694006856
0.22891074501604938
0.20649654465468908
0.23182746682094507
0.21796741893218641
0.20209661490564004
0.2134314098572368
0.22682105426956409
0.23558171104314046
0.20165015115741236
0.21257723012026386
0.22444657198152043
0.21100730573875967
0.21987304540651526
0.21507005132438514
0.2239736873228679
0.21142601440999334
0.2204125807068332
0.21641104432773078
0.22415463020347018
0.46256346818137284
0.4711021383863917
0.46497132387384887
0.47717222324280834
0.4503890624107027
0.46110490822559752
0.4693388201133446
0.46403043953039008
0.44216338696928481
0.46575879001890541
0.45927537360456944
0.48284818963942949
0.462390788074036
0.46867428874329914
0.45562552823855079
0.46878505250596969
0.44096730099813369
0.45509627692189208
0.46020605703237616
0.45044204870830468
0.47111670611554041
0.46338880225458445
0.47653354742908632
0.4519444458339798
0.45661614604979767
0.46853560042826886
0.45923582754947073
0.46998774261009441
0.46850426421655322
0.45731203425029504
0.46431692721643975
0.46766526937851677
-0.26134952186280763
-0.26496311997670158
-0.26720962461759712
-0.26510724671374208
-0.25538589719870119
-0.24668754291839351
-0.27466297667630707
-0.27138043969976278
-0.2645842449489918
-0.2515648915494948
-0.27014803427175288
-0.24451964024788572
-0.2448681042801763
-0.28238622318769036
-0.25771343262675617
-0.25830704073223043
-0.26655672704750583
-0.27809276134277666
-0.26091591238791317
-0.26628832576508188
-0.25358646085104775
-0.25847388216842526
-0.27062143513722975
-0.24722841667005802
-0.24819443627816659
-0.25090201534131862
-0.26241537486333938
-0.25537856057578523
-0.26200847867748911
-0.26724949780447682
-0.27792579178582261
-0.26058277908911892
-1.1187994364932532
-1.0970898460436449
-1.1138001259380259
-1.1010542163812715
-1.105097581768157
-1.1120334386696313
-1.1111499080923464
-1.1074730565127029
-1.0907337792886067
-1.0997436030185233
-1.1050094863265267
-1.0961727288099756
-1.112310462601507
-1.115171260990004
-1.1101508842399366
-1.0945801130667574
-1.105369443491699
-1.1021093766267764
-1.1021316552119647
-1.1065121100013069
-1.0930508133056569
-1.0973454609653837
-1.1101218571213345
-1.1115305370031192
-1.1035799976471954
-1.1106825995422467
-1.1033363867790364
-1.0973264594557135
-1.1028381725358178
-1.1017722278831077
-1.1073557806220318
-1.1098805871573227
-1.1449922388128431
-1.1261312560812182
-1.1429234614375274
-1.136013868683645
-1.1357959511967834
-1.1330783078324353
-1.1394066116836024
-1.149763620445698
-1.1196904928660663
-1.1453996197514105
-1.1318023635896564
-1.1454736130060443
-1.1312673286031389
-1.1453972524126479
-1.1228735821911613
-1.1329120736210572
-1.1496150206869558
-1.1229386311443925
-1.1521336212760336
-1.1394648145021493
-1.1276355145657193
-1.1398906121837113
-1.1262181743275208
-1.1363729372961064
-1.1415809502155063
-1.1264909807052528
-1.1363765377788031
-1.1406367639768766
-1.1290102495467045
-1.1388525309239994
-1.1480355140539773
-1.1427516070033459
0.27679154611696916
0.27529609078224399
0.24375336306985596
0.26306713507521479
0.2666900125385494
0.25424181581319794
0.26210107050785864
0.24813861748683302
0.25376578294409646
0.26509669918342671
0.25596372113115562
0.25514785065460377
0.25437628899198711
0.24536953568770103
0.24804053584359309
0.25199518373019875
0.2552803132985289
0.24920854271849152
0.27186676943494381
0.24187269083310442
0.24743400372703817
0.25099990384977572
0.26065524929041117
0.24443436077116826
0.25842978624089652
0.2493011563032973
0.24978783040400679
0.25986002808716191
0.26313535490012435
0.26483676952535995
0.2466639235501365
0.26485169565108818
1.1450101958117418
1.1391253531443466
1.1401774242435487
1.1367874772581672
1.1352536550008194
1.1436018897945452
1.150318479748246
1.1344649110220451
1.139533834009806
1.1443123189518971
1.1251409458325801
1.1501465941817002
1.1397151904304694
1.1486742863517709
1.134388406427709
1.1295362151580521
1.1355687444502076
1.1392739323326271
1.1291299989436243
1.1443243126884228
1.1390478215058906
1.1280738659636529
1.1407590465998867
1.1356218887953229
1.1371663453173193
1.1336276468548587
1.1310150642171446
1.1268893927449246
1.1379029117075981
1.1373439688811804
1.1409884377589932
1.1311450711396784
-0.88604240399999512
-0.8827237062380604
-0.89926300461797559
-0.8880331548668049
-0.87144525683803065
-0.89387156677792545
-0.89232634641728514
-0.89013758176136826
-0.89410499853437519
-0.88268959200784602
-0.89052518335059794
-0.89073353652906229
-0.89631492871004281
-0.88541752803708096
-0.89068016370070791
-0.89323655397228019
-0.89251194572440273
-0.87688560274772387
-0.88994196745236054
-0.887719620051445
-0.87886887013252635
-0.89077018396380103
-0.88205838658349245
-0.89821190680576468
-0.88454272638608722
-0.90731105344115781
-0.88873108829501535
-0.89347478673453318
-0.89581311360338012
-0.88110954918951823
-0.88391635309879357
-0.88292474255086539
0.70234563079961609
0.69436611440643004
0.69475947415642447
0.6895575910111188
0.70545109193358935
0.69732635954079125
0.68366595878621583
0.68295084239385306
0.68395129576737324
0.68397155015213695
0.70055135527854606
0.69244656575238572
0.69866276969409324
0.68377302400830942
0.68370650134819921
0.69992865197639276
0.67358411805987639
0.68018310104763302
0.67270258359729906
0.68440900101836244
0.71094586620131195
0.68363610724899271
0.69843913388644574
0.70326884265543865
0.68447820330803288
0.68409008699663998
0.6926048556220914
0.69537015254043655
0.67707395635088996
0.68327490870998164
0.70330485106718177
0.68328468315929125
-0.04705747622394324
-0.041700573748652756
-0.052820225405162458
-0.05153101634921306
-0.054601058377792236
-0.055450407947233736
-0.05506191138634299
-0.063399221700086578
-0.054201077253198407
-0.051897006037884948
-0.044294926350272892
-0.053520659024274511
-0.055481231254427221
-0.034719975578574633
-0.050214811437407796
-0.051964687478094261
-0.054359185052384046
-0.050146499133062697
-0.057136389060849634
-0.054267170590423304
-0.057048687837352126
-0.059975069940453082
-0.053744557758504764
-0.061311972681477658
-0.036086511031015789
-0.059507959744900911
-0.035823852602141507
-0.047501707553123627
-0.042927249077901686
-0.038269459448729629
-0.063461321764849615
-0.036769038484112636
-1.1060577635755802
-1.113931366594783
-1.1161040836602221
-1.1070847307248723
-1.1229423791225925
-1.0954447700484347
-1.111217104838951
-1.1035032738704202
-1.1088219437349454
-1.1131862864442257
-1.1127943427755491
-1.1166937647492463
-1.0994876947001266
-1.1097227504546294
-1.1054345012873064
-1.1057679881094167
-1.1040861197985581
-1.1059038109854951
-1.0992696753952966
-1.1146786315504322
-1.1175207177639597
-1.1104200449611834
-1.1121310235381572
-1.1089739505880063
-1.0999778749876552
-1.1016187991135067
-1.1048357454039157
-1.1156590150174177
-1.1052739827150979
-1.1079021476925572
-1.1032776971948723
-1.1094005444839063
0.1408008398036914
0.14502282192784963
0.13817468001126268
0.13689038439807538
0.14585394607796889
0.1440281171198507
0.15199912179275521
0.14520362727646371
0.13456222063738482
0.15497358924524918
0.15703596652348109
0.13516344879982622
0.1391165868903427
0.1518022674721968
0.14542719620187419
0.13209988153321831
0.15297338450004286
0.14459430863632908
0.14648249917962422
0.15321845823642802
0.13851921933477462
0.13798865793214851
0.14906052702436998
0.15120150744307576
0.14465616627473929
0.15299918080763869
0.14712888284110157
0.15244571329692216
0.1372151640741289
0.14203972164063236
0.15216923223643489
0.1368908866397969
-0.14934320589208613
-0.14193785804088382
-0.14522232309834221
-0.15055075020791733
-0.15611361126644474
-0.1322572026845768
-0.14264613119006431
-0.13178264829565536
-0.15015072481156255
-0.14255977015458937
-0.14437707266404096
-0.14238019746257424
-0.15566178522543331
-0.13343468762455435
-0.14542793178102931
-0.14147181147770868
-0.15107648235240415
-0.13101929011855251
-0.15533404632034661
-0.12821013357933905
-0.14648322863338942
-0.14606571546805255
-0.14871063811722088
-0.13220715379980683
-0.15014013502389001
-0.15029000658113584
-0.15088583851379386
-0.1394920496545817
-0.1390925612922741
-0.14910965834481968
-0.13928448777903102
-0.13116156630845599
0.90212413468999952
0.89966196613246696
0.88854248814519987
0.90895050828947732
0.90199440210169524
0.88529330607595214
0.89070096023151379
0.87466814871087684
0.90059635113633185
0.88666751377503183
0.89440356147254985
0.9074786481579119
0.88514238804563949
0.90326468697212337
0.89396612637062045
0.88772311210059685
0.90655991071626552
0.89958805602477598
0.89082166607310531
0.90046562959504584
0.89154493213379038
0.88940320554843622
0.89326650904477556
0.90415188800330659
0.88355519916683567
0.88584778216458504
0.9032300382200994
0.88506322818054117
0.89456870391142584
0.89372976526745584
0.88589172809716743
0.89020706713471953
1.1684735106476456
1.1688173682546756
1.1745038832114068
1.1712200476626899
1.1767572446757406
1.1711421488051741
1.1660623766066867
1.1745220020467737
1.1730233164312791
1.1763722002466126
1.1683237678837064
1.1684777326799449
1.1685943708570836
1.1577202394265584
1.1731462240466533
1.1642968444359039
1.163529655923552
1.1666488129079999
1.1861166538474681
1.1632894471624651
1.1815213517708409
1.1529198856382388
1.1673267454456921
1.1848477532988286
1.1710389054720167
1.1726533838591096
1.1651664381679494
1.1540827826995164
1.1737704159323161
1.1770869301666647
1.1781871750642758
1.1850253419349077
0.43582811131476357
0.44065820374023895
0.41951176032483506
0.43378552791209934
0.43767244713484449
0.44665156458624172
0.45125390586692138
0.44940785371069752
0.44022563006397386
0.43551197748191744
0.4359932442500084
0.43621914827863467
0.43774279527249083
0.4460013300842211
0.43508653396554237
0.42339094022749957
0.42710280218147378
0.45999798672449738
0.4473360955149927
0.43266807400590984
0.43451264182969856
0.44240140117545484
0.43904451956828322
0.43918711641128699
0.42093814483656622
0.42563588550379278
0.43781609409235894
0.44222026790292918
0.43918612104161403
0.44922467352310508
0.43710381859967662
0.43873009988869127
-0.37613184752736967
-0.36885653518924372
-0.38148605790185258
-0.36036094302764665
-0.38514472959351581
-0.37038738873545968
-0.37084997070934372
-0.36395318634905344
-0.3855898168213987
-0.38385521166110975
-0.37888435438360407
-0.37085781338746227
-0.36977503400124356
-0.39721913580411711
-0.37913669171706932
-0.37467947547059294
-0.37388692914375948
-0.37380609350280664
-0.37782708199769088
-0.37579874768423532
-0.39167758340987602
-0.36974950230071102
-0.39605886056571588
-0.37821529887249078
-0.38413533582550885
-0.37420954686300434
-0.38473760156713488
-0.36990555448945056
-0.37417440866080254
-0.37199119668393305
-0.36833226397742402
-0.36783761443744656
0.28150064897881494
0.28952397067072755
0.286870254605463
0.28911596789605576
0.2842316062282963
0.26278216052343684
0.28095674223013667
0.28278320127734335
0.27895892942263661
0.27728592714402184
0.28408911123300284
0.27741102016271185
0.28808252392535971
0.29284793858443564
0.28297023380498704
0.28966443612069687
0.27347125526533672
0.27495639813837863
0.28036570580280878
0.27527175808376381
0.28327997288864259
0.28353230590217121
0.29554943340080253
0.27876779334506202
0.29295489588615997
0.27492476717914999
0.2811363496990818
0.28954945248001451
0.28561889143642677
0.26372568756470377
0.28264325444368493
0.28669933113676688
1.1177634195637856
1.1261116411957521
1.1272641520154729
1.1328595854124917
1.1397347044491402
1.1189870046684525
1.1226187708299482
1.1421209108138788
1.1391588954481719
1.1432977283959167
1.1295791770255128
1.1378967465118646
1.110820203071593
1.1333745238142106
1.1222251649445631
1.1187026176248522
1.1212367510451562
1.1377038013056817
1.1415593441016372
1.125939924872895
1.127015874357111
1.1391388474012174
1.124489744131292
1.1318494005883177
1.1347297179442142
1.1392835802815653
1.1276790974377411
1.1077563614226253
1.1282704470517662
1.1353230741891742
1.1261614515384322
1.12532258369809
0.48899747385102876
0.49992692430107144
0.49782207157611896
0.49869758736671527
0.49654572225155752
0.50659961845316626
0.49915056988571527
0.4960124408510575
0.48772905020901258
0.4933262912976713
0.4965234447368006
0.50820864387655729
0.50034677462997623
0.49396536073593256
0.50251607691308242
0.5015631879014143
0.49304064644284856
0.50025973308356142
0.48802171361244928
0.49742608644749037
0.51252435077765524
0.50434041106187566
0.50159387559031976
0.50355345054715939
0.50222906868695827
0.48748264389176382
0.49308624144618846
0.49127009223052526
0.50036424899514853
0.50391623314760758
0.51274536366358769
0.49556618306630945
-1.0521693816178401
-1.0409781719012947
-1.0435355584360444
-1.0411893190187487
-1.0430909657069325
-1.0392855764885447
-1.047769159783029
-1.0408619061777693
-1.0354909795341356
-1.0417982341863257
-1.0388884227631185
-1.0482129143629086
-1.0364072032414386
-1.0439973981026922
-1.0483828707388174
-1.0449194307668097
-1.0462110184282229
-1.0445104416873328
-1.0475210541837474
-1.0298528141021424
-1.0361314138305942
-1.0395328575082976
-1.0396031051237469
-1.0439549643420296
-1.0368416972750953
-1.0450666955747583
-1.0438378774623349
-1.0493124632167012
-1.0338101533208042
-1.0340548029893757
-1.0347400429033515
-1.0345709651224435
-0.54849620742643213
-0.5292235927215525
-0.52201257646759969
-0.52608063482067569
-0.54231684644494282
-0.5276900967351259
-0.52471129145501338
-0.53430804524049968
-0.53910605446014925
-0.53483815317569483
-0.55337353443528081
-0.5282081262316235
-0.53688939303153782
-0.5327851374109851
-0.53166541188703131
-0.5310581589561445
-0.51802670312635346
-0.53702740153138806
-0.53227030931408226
-0.54713139563966684
-0.53579867159430672
-0.54565553378725096
-0.52461463062114588
-0.53078946935232041
-0.53541393455799424
-0.52376971411733853
-0.53868703517629701
-0.53203701399550296
-0.53707821992569749
-0.53795560797689923
-0.53246876626826811
-0.53539913856096055
1.0682563563286867
1.0607256335388062
1.0571423349964639
1.0800689024201069
1.0723848369901521
1.0665584412514975
1.0711361721190991
1.0616227682198036
1.0724597903665247
1.0580739309750589
1.0731757713339602
1.0724357577114749
1.0690670868690677
1.0752150417830597
1.069012924919837
1.0828174407203119
1.0746082897046818
1.057677719889768
1.0618284307531123
1.0826332524444071
1.0653991294257494
1.0724772934537297
1.0654499336679302
1.0816262597440551
1.0783864161247159
1.0761373815712689
1.066617729023454
1.0674936438096343
1.0807579941707011
1.0655846681099517
1.0531017466118406
1.0822051304345695
1.2309920377569397
1.2130550360742365
1.2255371093635985
1.2281134734194674
1.2250780053393224
1.2364324511795382
1.2332343810511806
1.217281748804282
1.2223166683664453
1.2307595995874594
1.2309140805261589
1.220814871086302
1.2324132650396324
1.216972159562584
1.2300291591709931
1.2096074108359516
1.2272606333472211
1.2396518135154779
1.2354313535231409
1.2170422098823994
1.2001640636571234
1.2256718435566973
1.2319198323311018
1.2243197863606476
1.2253408384268833
1.2125321740011366
1.2191353489591419
1.2132567850667417
1.2130936695585377
1.2188982226617939
1.2344122444701437
1.2261008392354662
-0.28964942705436336
-0.28482798686749655
-0.29104893870171478
-0.28815312534652887
-0.28215269233182194
-0.2955471510691382
-0.28140564330667955
-0.28869733913897622
-0.27514732234428863
-0.29113194600163772
-0.28208019655608541
-0.2905307428709441
-0.27968179822877665
-0.29759470865923615
-0.28798067592208165
-0.29064428420116045
-0.29636137401409557
-0.28672642001381859
-0.28532349155995057
-0.28852654834672714
-0.29187374944718908
-0.28928131090027792
-0.2895449867131536
-0.27554305976891613
-0.27961387172691698
-0.27332552565115359
-0.27626101319358803
-0.26932361068378885
-0.28308555106559774
-0.2811192564648341
-0.28252953573322809
-0.28623158082422112
-0.49125521764157032
-0.49335137930283424
-0.49249218421265978
-0.49423451119082107
-0.48806833766264385
-0.50724025081466673
-0.49168112159616206
-0.49648499585239175
-0.50108708333052665
-0.49873857236553143
-0.49222962960421435
-0.48969004714630193
-0.49786896426139921
-0.49050360194651416
-0.49317360183120962
-0.48800000972016955
-0.48806159014631195
-0.49000133297822973
-0.49878003081744471
-0.50475905803143051
-0.48519135146408077
-0.5024069896086405
-0.48954689424214065
-0.49540180169463705
-0.48313444248542087
-0.4968450298987146
-0.49836471660169296
-0.5120548265061734
-0.49115081448656278
-0.49607238136399351
-0.50068295235158389
-0.49903822096457873
0.35401155625775033
0.3471600843201707
0.3506843412297394
0.34222884985354601
0.34656210189682157
0.35150956140595452
0.34203488855395497
0.35426979874063214
0.34235838720865058
0.35927946817694023
0.33998995231039658
0.34083856965362547
0.3453621505624988
0.34174186174660182
0.34365202391101207
0.34425272856001909
0.35399352098997922
0.3406857504245458
0.35360626904636805
0.35128944535384699
0.34561862274283534
0.34295274408565257
0.3592812036359177
0.32477230070428625
0.34087831890603237
0.34352097081499383
0.34865571894664243
0.34483488389238093
0.35168467728185993
0.34882581394521411
0.35299933858083882
0.33983640817187111
-0.19845171897100977
-0.18916905247232663
-0.2071671136128857
-0.20057674598574352
-0.21310851062930913
-0.19900106473617285
-0.20824102062702077
-0.19732283633083161
-0.21120215159043024
-0.2019388842974445
-0.21030678446452847
-0.20256897702186749
-0.19908029327146165
-0.18441933163394875
-0.19906062191300197
-0.19862790655392151
-0.18795608695952556
-0.19398015015685621
-0.21063699046123924
-0.1982487501175017
-0.20150826851924283
-0.19602117196336311
-0.19837047602778063
-0.21639546808444199
-0.20700477007102711
-0.18848355610960099
-0.1959711401993601
-0.20954258554297595
-0.20664734067212751
-0.2050585301169737
-0.213596836339978
-0.22924539599904195
0.23416772934724162
0.22164376017217854
0.22435602737716723
0.22373702709085028
0.22657001180251565
0.2261327601238412
0.24191806341015215
0.22712657316412804
0.23434741448794064
0.22940625857774061
0.23985810795280446
0.23054717260219668
0.21361731604126188
0.24408214481134111
0.24295660947688191
0.23503262778923842
0.21693962980696685
0.24017541444807922
0.23240053165870495
0.22301457777507264
0.22510003870014783
0.23889437883280279
0.22445702356931299
0.22821675308140582
0.22347804446699102
0.23373261968741293
0.22242395045808044
0.23416199536392621
0.22708792679531634
0.24599444703372475
0.2259182887064958
0.23034805816806753
-0.91592998711511675
-0.91670206244999841
-0.93588425586521673
-0.92215622125032126
-0.92034703261844542
-0.9180650742860561
-0.92485088347715394
-0.9114887994420322
-0.91233913101877395
-0.92634771089535961
-0.93202447943986411
-0.92389516019454299
-0.91864756026349026
-0.91441586517556728
-0.93237919562508809
-0.92828291875702973
-0.93866632171071529
-0.93073361376008545
-0.91394203032216148
-0.90587980274144142
-0.91668020382299831
-0.92364771688070735
-0.92463507961784452
-0.90675606048840829
-0.91263144067733859
-0.92059635448840516
-0.92654488117279188
-0.92840822981141402
-0.92228064697333323
-0.90774651005752705
-0.92407766239357714
-0.92501453287430935
0.13993479906368064
0.13561524422744523
0.14528016100441973
0.12948520897161883
0.1383316564058199
0.13197605308722141
0.14424784146848268
0.13866272388304582
0.13133179733447414
0.13296304867960032
0.13676892631600149
0.14875691762566864
0.14138510216010158
0.13930043908088888
0.12887594492224527
0.12460552200930994
0.12423895914953134
0.13169733265047448
0.13973894124915959
0.13688669710368839
0.14558403289963145
0.1277083700000459
0.13478048408920554
0.13437603066365691
0.12849047620189491
0.11898906682560265
0.12986864243796617
0.143775625882269
0.12238396724995272
0.14320788859091249
0.14342364527345455
0.13512707686173456
-0.86138823841590129
-0.86468767940411007
-0.86352866929883909
-0.85205817526017325
-0.85440866542459237
-0.85559724143616978
-0.86147863557312065
-0.86451439465603108
-0.86147057742957789
-0.87381637367103882
-0.87056386135942221
-0.86295428130158369
-0.87788932710028267
-0.8635853321437702
-0.86471728106969747
-0.86511036395069874
-0.86475917777112532
-0.86904621574467289
-0.8470770475145688
-0.87923033822408159
-0.86971196346150459
-0.87814363329170531
-0.86127703678698275
-0.85672175767072145
-0.84959290097390849
-0.86984788138620295
-0.85870375282547884
-0.87123672855466372
-0.86465017017059809
-0.85882873049973696
-0.87597063714402945
-0.86549871411956802
0.79746467886057204
0.80552180775890969
0.8090461454683614
0.79074506030163327
0.80158909497995057
0.79141828067566977
0.78403557124416046
0.79363751970727681
0.79720434162223153
0.79275657070149519
0.79353340522568472
0.81283568756992752
0.80339413396274184
0.81122606470812542
0.81405683559571884
0.80399067071705066
0.82338683669418788
0.80639400700107344
0.80397599556393884
0.7963732944641817
0.80015687625900067
0.8058749286779513
0.803673559094358
0.80489970915818987
0.80576275786015239
0.7920318193965572
0.79657906516252841
0.79971389972625373
0.79856028051000694
0.79210707580510409
0.80212121963586647
0.79575176045739626
1.2374341307235939
1.2229543801678551
1.2312841877219973
1.2134128145292251
1.2280483509210944
1.2373119023906745
1.2297017450031598
1.2345395129003471
1.2309836211182752
1.2268692873445859
1.2332955191409487
1.2326138429324143
1.2324390114537942
1.2245934737192077
1.2253755210385096
1.2072325467046352
1.230002526618402
1.2207471906128256
1.2231532647712422
1.2357594939476897
1.2306841432429099
1.2323046744676769
1.2233789503446912
1.2330060158443281
1.2293698778076589
1.2307568875956385
1.2282931636742194
1.2423648101855576
1.2202416089347916
1.2311636440530267
1.2315208839914762
1.2367990800190467
1.1067871776128524
1.0988827101630236
1.1039912737961379
1.1149362944013967
1.1113936437027065
1.0996783275853832
1.1043793103912665
1.101880645598887
1.1135238562046759
1.0995647306292011
1.1134844273632361
1.1161688940776946
1.1020097246302523
1.1210491740454667
1.1012665874941645
1.1015738142681151
1.1091082622454509
1.099069498344136
1.103983198032962
1.0937985587424899
1.0999426337060627
1.1038723310396847
1.0924194468841897
1.108872874791377
1.1091600613323049
1.1023295811488876
1.1084480426725318
1.1084793781257787
1.0968316625796963
1.107534920326356
1.104909336080194
1.0979485997091094
0.38620810018665641
0.37467275040789338
0.36064013005444256
0.38670806465472052
0.38514395300513643
0.39767579950052362
0.38075563932940604
0.39036381780298302
0.37634065009667994
0.3743278569120701
0.38089413222645419
0.38521125846054849
0.38325088467667195
0.39242912043354811
0.39305704447790246
0.37360908773405405
0.37969487745336294
0.39831470910889305
0.39480623128267345
0.37478824637421237
0.37815424794871594
0.40009906816967755
0.37667951903985714
0.39431659586791529
0.36848065126828278
0.382831479840883
0.37631809572675401
0.38726404250404156
0.39477998323718339
0.38835109823627517
0.39277169515501453
0.39406654991506873
0.35797596088084016
0.34728226867746742
0.32907900377236471
0.33199414403525462
0.35175615466065036
0.34951842512084885
0.35320807948142308
0.3417855907308297
0.34044089123835203
0.32921893243900663
0.33494292802051523
0.34264829306415179
0.3382332319472674
0.33041425073386116
0.35514594964284085
0.34357220023425605
0.34546552937274466
0.34422027131190813
0.34310196992727149
0.3347717998108915
0.35016775272936013
0.3386927911933425
0.33507046418691777
0.353236989921968
0.34405048159829127
0.34811840088575075
0.32800708398141781
0.35728655408405446
0.33652010187445375
0.33405697967204429
0.33995812312111673
0.33544368887467391
0.39609691347849196
0.40714662228388177
0.41492695613239289
0.40132454474549406
0.40337609465559848
0.40387131966833645
0.4048546010430078
0.39322096965625092
0.41686484914545641
0.3918452766620662
0.39809075561128127
0.41985513326785806
0.40240147075602994
0.3952667150371707
0.40430891833928012
0.42221742393622402
0.40400631543450555
0.3944677549568199
0.40534404405176222
0.40598178455737149
0.39677872031144634
0.40547040614552698
0.38544491337415704
0.40724362966938682
0.40534538553610433
0.40438213223916369
0.39846305487722944
0.41464746914144135
0.40913534781837652
0.41463442606119505
0.39885552846016858
0.40988751865802736
1.0844370579118732
1.0819136874867472
1.0629239371078778
1.0701196978210461
1.0651340736163546
1.0680159770678448
1.0702930564352087
1.0845233909337231
1.082600338962344
1.0691915633469111
1.0774847574068276
1.0654852474690253
1.0601730404217373
1.055001244113253
1.0633262249871711
1.0863764685569479
1.0718334015899009
1.0746094797571502
1.0787670599878687
1.054350469512739
1.0682732648550681
1.0704041219827221
1.0804619919881102
1.0734974778887414
1.0565493912630137
1.0562079558509403
1.0725992514168643
1.0717661985890923
1.0586800105875929
1.0587949910446723
1.0707242672097481
1.0593936260330479
-0.83374477882274622
-0.83861254816596442
-0.83890589475587385
-0.82082055537324317
-0.84337297992474403
-0.84581863000092794
-0.84094006666750432
-0.85614538097994364
-0.83046909800135393
-0.83150104636490108
-0.83606811391347391
-0.83703636600414455
-0.83746451911911046
-0.84939830847588216
-0.83820308714033431
-0.83724584281084002
-0.83026998221061221
-0.83460579660932688
-0.82872067632815294
-0.83145274264706692
-0.85315391895538217
-0.84307399185349241
-0.83182647740956017
-0.84035040742758138
-0.83703843898471486
-0.83006322930544907
-0.84494823251573714
-0.83542232030593711
-0.82370475401688747
-0.83648386726952617
-0.84257782626556721
-0.83672719146281038
-1.2598295833057325
-1.2668818103076447
-1.2516233543354451
-1.2566327812998002
-1.2718788188150154
-1.2470776032136111
-1.2643744346207213
-1.2562122874025146
-1.2531035224994236
-1.2578082156449819
-1.2669778270456469
-1.2757021222157205
-1.2613022784999957
-1.2549567078523836
-1.2666308328971272
-1.2600762381428097
-1.2464573528636234
-1.2648542233932789
-1.2243717732359112
-1.2537350056329881
-1.266450272066
-1.2533542323574178
-1.2586587677207337
-1.2460688873039767
-1.2669495582664128
-1.2511561799425883
-1.2656642734632408
-1.2539758789265831
-1.2444438288044126
-1.25553931534564
-1.2457393154388539
-1.2591409059785834
-0.40245099171965604
-0.41531564810976174
-0.41209152963221646
-0.40987277142629935
-0.42207802138275691
-0.41757130386464969
-0.4149091274651126
-0.39618073747437338
-0.40884868463690599
-0.41946540268171495
-0.41997600559212334
-0.41094560250824486
-0.41941477370025487
-0.40860913558972739
-0.4191222709801396
-0.41874594268399767
-0.40343865142257934
-0.42535827612508204
-0.39156881703115914
-0.41632135674755777
-0.42218159644831071
-0.4052840046799131
-0.40129029621234036
-0.3994814339926776
-0.40575636897215334
-0.41574969024890435
-0.4114109924577406
-0.40891841587829014
-0.40295602007188225
-0.40214527070837297
-0.40429281515165588
-0.40299405612799144
-0.94821664679500928
-0.93448638266897421
-0.9205003233527842
-0.93379060767751609
-0.93061589013670021
-0.93586441289812661
-0.93107160701600533
-0.93543564065030538
-0.94663415620058999
-0.92691684340475722
-0.92655345832982339
-0.9373090111801633
-0.94688365835891564
-0.93290527361740738
-0.94048685775007679
-0.92209235556968505
-0.93244549030592616
-0.94352462715051866
-0.93623150145244038
-0.9155985327960694
-0.93219035580616172
-0.93741504036348522
-0.93296000055342143
-0.9403458023500233
-0.92372362111400153
-0.94229919342403701
-0.92588756167742836
-0.92218383700471862
-0.92303835128666423
-0.93156339022383994
-0.93394697065478449
-0.93017129094379269
-1.1883608102383512
-1.1857769434088519
-1.1904053319791315
-1.1882801473058691
-1.1940657406564974
-1.1969071276126297
-1.1811632134790504
-1.1867668115190226
-1.1843594105221069
-1.1765649745624858
-1.1960345543443538
-1.1951849168531392
-1.1933019595773884
-1.1830284747722262
-1.2018291106766994
-1.1956905253191674
-1.1836315398046908
-1.2029681205572318
-1.1844032045357669
-1.1770830753798311
-1.1866943779601129
-1.1969664541392617
-1.1937317138840682
-1.1981656439044213
-1.1906750619258419
-1.1823267406987048
-1.1817622994893835
-1.2083826511582656
-1.196354095705543
-1.1873447043525192
-1.1928924176866602
-1.2100469876537545
-0.46164035415629356
-0.45894155689852023
-0.4633892072014395
-0.46393555465050673
-0.4557235277810085
-0.47497473178352745
-0.46579936420047241
-0.46006616693283692
-0.43545347045304239
-0.46932092166025269
-0.45693839622502758
-0.449192265640394
-0.45705201130624101
-0.45622180778612681
-0.45303937202081523
-0.47786283472966845
-0.45913371850301538
-0.4669575193006083
-0.45070455267654558
-0.45974076051625279
-0.4611274473947663
-0.46172637054724325
-0.4735275090480866
-0.45567875401591956
-0.47648778371824674
-0.46485760568484435
-0.46613875881053712
-0.45512879315534605
-0.46314224664511805
-0.47018781151850297
-0.45764763784302331
-0.44899338840611458
1.0083986916413825
1.028188801038642
1.0113441031406682
1.0149646089623581
1.0151848440849289
1.0082684869117824
1.0301496159149215
1.0232922092601144
1.0218527880915946
1.0056652505710508
1.0223145164481755
1.0095163709640016
1.0281715050467617
1.0022819294181706
1.0228213262865673
1.0039835485652677
1.0046973462282081
1.018653535129781
1.0239045533102966
1.0260485996491628
1.0135469425836214
1.0123116535650936
1.024455327970091
1.0072868318523915
1.0075682336011822
1.0211935185188117
1.0206165504218576
1.0175552000913779
1.0271302167193663
1.003308264934013
1.020752647023738
1.0350057100321544
-0.83319236884306147
-0.84022636182506449
-0.819483989005797
-0.82513550954431036
-0.81967083229926185
-0.82386015955422276
-0.83338932033122792
-0.831416170086551
-0.83939087715933003
-0.80803238816792633
-0.83729879199096091
-0.83248936687251529
-0.83523628309789633
-0.82594450212713511
-0.81784463478423519
-0.83378971744504327
-0.8258879915047761
-0.82350546012750792
-0.81146125301847971
-0.83142861309318128
-0.82735630728295029
-0.81596462849465168
-0.84145003263639939
-0.8296692622123697
-0.82885905440330054
-0.8387994337049004
-0.83127498929329757
-0.8278126111049714
-0.82033329761117935
-0.82201028079174976
-0.83408763975974864
-0.83730370573861967
-0.63506416850795455
-0.65543013306193376
-0.64741930704192407
-0.65228605560464004
-0.65601218699088581
-0.64087808996660456
-0.65472583036037846
-0.64822068994596937
-0.63284247354732748
-0.63030561778936012
-0.65419518204020721
-0.6507340900008679
-0.65028997289759871
-0.65412852154316226
-0.63235434141274893
-0.63591570503785178
-0.63916253987213223
-0.65121819939365544
-0.63701687783349481
-0.6416458445780282
-0.6434566527384431
-0.63848617642941297
-0.63209317163858947
-0.64375398710988574
-0.64657870873505752
-0.65161888400597767
-0.63173771256417366
-0.63924475230725708
-0.66294340896728743
-0.64211111764202722
-0.63664157253292619
-0.65621121545179362
-0.32872273765362586
-0.30808484614619647
-0.31895598768946287
-0.32861800984040374
-0.31636808366441344
-0.31373386007068632
-0.32443551735432175
-0.32318455846910682
-0.31638660897797394
-0.31720845964333066
-0.30224971738824602
-0.30587495575906065
-0.31249987327428175
-0.32212581754544795
-0.3216836697856672
-0.33491760391229708
-0.31731420200260779
-0.320026536477373
-0.32213635693274162
-0.31080458028624991
-0.30650235787269592
-0.33178294282299003
-0.31342098947804492
-0.31309670021998953
-0.32179840801098669
-0.32258127230290268
-0.30274990554216313
-0.31074346848302747
-0.29941537539626822
-0.32299493658456985
-0.32534955774116847
-0.31891523605943345
-0.98300757765612135
-0.97934616787476747
-0.97409007748404697
-0.99529007498740973
-1.0017819318722037
-0.98195382772421647
-0.98268418503457733
-0.98534642260578464
-0.97821727555225158
-0.99658970967429084
-1.0032402514035175
-0.9732523872140687
-0.9875099081252946
-0.99244178811000128
-0.98343373203868667
-0.9718429495613099
-0.98845740537576043
-0.97577013071346452
-0.98918811970216181
-0.97425096786819143
-0.98835511521310682
-0.98008588680850706
-0.99004539149118209
-0.98498285512774619
-0.98806306717584402
-0.99332759829751138
-0.98903456509633436
-0.98415437187551746
-0.99084216855262708
-0.99431069278318429
-0.98649418536936251
-0.97808212607474843
-0.52395708684308739
-0.53146216395717161
-0.53045184951768354
-0.52307314534696614
-0.50985431091572953
-0.5317773437850406
-0.51398168484634699
-0.52486405640444145
-0.52882481290259187
-0.52766490473191174
-0.51389290693724532
-0.52713981212871375
-0.51220799771355008
-0.50672401241403775
-0.53040532969533849
-0.53389498382293643
-0.53769690715662111
-0.51899545334590025
-0.53064537491338992
-0.52854715425165433
-0.52985376403694773
-0.51236574270006752
-0.51799091887669924
-0.51849474315925981
-0.53763065742101235
-0.5303938910686814
-0.5239422752151156
-0.52447485238561042
-0.5209770818133872
-0.51040120294724767
-0.51795420796101133
-0.51699272224003712
0.3487226516040175
0.34643128362463044
0.34589417331444833
0.34890297670295695
0.33632737657479411
0.34502901023819182
0.34992530009898143
0.34578970101507966
0.34933810844977137
0.33468100296867215
0.3451847330752012
0.34977989952575944
0.35913840287974491
0.35065032655947781
0.34785245912168911
0.34497550602618243
0.34999277404629814
0.34548423393666849
0.35558840547255954
0.34522777767263652
0.35502613826641521
0.3443434145409176
0.33751107458385399
0.33779258041324234
0.35699660299891495
0.34486562541049703
0.3455722355065784
0.37025369047042483
0.34001164043325216
0.34920201592680683
0.33841225345954984
0.34440210905159396
1.0804121826440791
1.0736758403516589
1.0915496487271166
1.0684938661890362
1.0704900481157686
1.064727593591525
1.0762742422091811
1.0698316534941887
1.0749581661515999
1.069508927001882
1.0798083111261405
1.0708492049478939
1.0768629758223935
1.0751591918135124
1.0701055048859536
1.0762346665626628
1.0761578492105304
1.080427623177999
1.0601935342470199
1.0882901024920124
1.0772879637684849
1.0797557274915133
1.0806014945740858
1.0652200862592516
1.0822864410750881
1.0787288260817267
1.0723864399019742
1.0829976433173805
1.0743251032341055
1.0682477106144119
1.083525270203384
1.0827558434365459
-0.22086602242601172
-0.22459036001516638
-0.2106121686624769
-0.22813689035814314
-0.22167556829100496
-0.22488227513812106
-0.22497942394688258
-0.21956167335422666
-0.23128300932951901
-0.21932410934157046
-0.22116043951982348
-0.22607389199338052
-0.22917353920677414
-0.23441820144207542
-0.22266128692582993
-0.20972395884591577
-0.2284166460931607
-0.23080915634002155
-0.22875741348629361
-0.22119640904842605
-0.2193299291847674
-0.22050184499370204
-0.22374624682960159
-0.23317332529366847
-0.21509881964740124
-0.22600844766835196
-0.22016893422139017
-0.22260532321481691
-0.22326443635035323
-0.21679789395433111
-0.22211627216670965
-0.20653653348243006
-1.1514527811160458
-1.1559243889205979
-1.1653328946761226
-1.156639574452323
-1.1603318606233239
-1.1573301488717096
-1.1624319704332795
-1.1712285884181903
-1.1707625092133933
-1.1636096850216737
-1.1561546966105831
-1.1636182793621539
-1.1678428757226191
-1.1644874323002192
-1.1577213813125893
-1.1669026161800724
-1.1672274245305232
-1.1622049672329258
-1.1578062206597055
-1.1727523473666592
-1.1662157643445905
-1.1631953714236729
-1.1665844019040426
-1.1590113019301556
-1.1563188593501734
-1.169064029205249
-1.1438985651293658
-1.1599778775974015
-1.1504298574107124
-1.1570513218322185
-1.1776706499715437
-1.1732018238881092
-0.46765121208397065
-0.46558868133660769
-0.46489103671839777
-0.48551663885093915
-0.4748785458096606
-0.46597167761404795
-0.45964383307104234
-0.46560098127943039
-0.48086521254113601
-0.47423398341923279
-0.47247986992020902
-0.47323844124258796
-0.46155988145974436
-0.46048491587378382
-0.45957165032257258
-0.47864660104607715
-0.47994838427837744
-0.48197064085923458
-0.47193219708852052
-0.46913257712467848
-0.48091085435283698
-0.46780889163630501
-0.4679683636175303
-0.47156925813134809
-0.46631049156008042
-0.47787133784211722
-0.47852020934909856
-0.45827869543507627
-0.47293464611973962
-0.46213372402487257
-0.47519055016818879
-0.48809847496697811
-0.25898800691599222
-0.27318400733947751
-0.27027575255128611
-0.25629679058032728
-0.27553210243042248
-0.26545762787204041
-0.25417477814234785
-0.24712171036572467
-0.27115359358584989
-0.26199580225019792
-0.26859203675449805
-0.25347585902054615
-0.26721085832020353
-0.25262131616781164
-0.27327229022549998
-0.25702619641934871
-0.25139369149684343
-0.25796037588754778
-0.26315010361601465
-0.26725501066242874
-0.27387845110601661
-0.25566873665487561
-0.25579461604952919
-0.2605348673672459
-0.27344349238931154
-0.27056424046660943
-0.26449057658616026
-0.24969155206162208
-0.2483879492199032
-0.25559794345326109
-0.2747797088617529
-0.27996034444367945
0.95670552361449213
0.96009402829555957
0.96966129232781884
0.94923545525942932
0.96527680823636486
0.95358839018213426
0.96082680322248437
0.95165477328339354
0.95213775840398374
0.95126353104406891
0.95440933244102744
0.94818400073170039
0.94927501914704193
0.95817015292874941
0.94593677684417621
0.95299518116703863
0.95121606157117611
0.95394099719073711
0.96567631638605178
0.95017455737718592
0.9693334493826643
0.94119238280515183
0.94882932967295652
0.96190062400621479
0.93662531923990633
0.95429047292929736
0.95981302484157671
0.9447827113950853
0.96826523581291501
0.97137127862106876
0.95699601252270816
0.95667888657541611
-0.15691379531048311
-0.15547914205752086
-0.16699855621534093
-0.16665341893436478
-0.1468366921402201
-0.16137121729620407
-0.16464076683737738
-0.17031529057494491
-0.18710006900493309
-0.16456231950505693
-0.16286804584195025
-0.16393433430892862
-0.16491745482276854
-0.15678075821834747
-0.16103382311601719
-0.16178098123304732
-0.16486856363564314
-0.16614048360886227
-0.16245229356584223
-0.16898462971323683
-0.15411683399564613
-0.16112309671957054
-0.16329819624192887
-0.14689684706769796
-0.15677350528929612
-0.17261078212962783
-0.17023397114321315
-0.16398994468454861
-0.16730819858732662
-0.15270329794775261
-0.15714180513005452
-0.15605981718791315
0.17874378483727926
0.17744610100737288
0.15553096426677585
0.15890067742510527
0.16189301088694355
0.17424238888458235
0.17185882196745242
0.18491963346519649
0.18047226530240659
0.18099731784272932
0.16472507696015445
0.16951344699442786
0.17809814022517126
0.16120177414336639
0.16462112898319284
0.18471061583430237
0.18729064199756121
0.15581294336386428
0.16953533346332622
0.160222267516728
0.15379420791561291
0.16310093350709806
0.1742863519101866
0.1750732804336026
0.17199065667291505
0.18037080827096089
0.16302721214199181
0.16766165094454497
0.18195136611325216
0.17588755072591428
0.1633080866649555
0.15974806573203001
-0.25660392013600558
-0.25539166737746505
-0.25438374305819356
-0.25829734773112101
-0.25608978564195295
-0.26208955155119656
-0.2575001029160639
-0.26230814634181243
-0.26729047455129412
-0.25608704880286104
-0.26357037661008831
-0.26353503089606317
-0.25245489672623278
-0.25426566836656245
-0.24175837004094899
-0.24316472358805288
-0.2599693287431169
-0.25925672840079472
-0.26236633955256389
-0.26814126600132338
-0.24438003949186499
-0.25152964376663584
-0.26158360652268564
-0.24246208848184828
-0.25139651420949027
-0.25068219178826767
-0.26057356121223274
-0.27631643363520053
-0.25161491280393211
-0.263031553443005
-0.26900615022209634
-0.25242699870047003
-0.37883123198233659
-0.3912925108633003
-0.38393768835036746
-0.37964977352934048
-0.38336239559702739
-0.38828868071890499
-0.37142483154494671
-0.38593925224019499
-0.37410898450395319
-0.38418823575918837
-0.3860273122436067
-0.37318551366255048
-0.38873895727291363
-0.38060409812115847
-0.37924389247605372
-0.37425058782415999
-0.38396702655412102
-0.39613765487997277
-0.39745496580761053
-0.39804958529812545
-0.39296429428661933
-0.38469648078816238
-0.38625279326735029
-0.38772902618810462
-0.38461316406836621
-0.38977641851085093
-0.38418495201110364
-0.382951933365897
-0.36624323841393142
-0.38584424347452828
-0.38568001604896579
-0.38617057214955702
-1.050433140594587
-1.0371087498304059
-1.0542851212559712
-1.0271605551471554
-1.056683151643937
-1.0442314627549985
-1.0354890166879143
-1.039282438579342
-1.037509900609114
-1.055974384317983
-1.0363691648240907
-1.038861523303594
-1.0306962107998929
-1.0436233864483417
-1.0426961586270929
-1.0565781934614975
-1.0389509674383401
-1.0521260146182789
-1.040301255851098
-1.0288020723149471
-1.0506980089710831
-1.0413933910255986
-1.0476920960035945
-1.0482179245183798
-1.0589839108507624
-1.0468516138035828
-1.0407160452059094
-1.0329551055088384
-1.0306145294199527
-1.0445927539759583
-1.0357769669755781
-1.044175049984899
0.18922257592335681
0.192767023115687
0.20366272794549325
0.20224089887931881
0.18256715006902127
0.20091355616424511
0.19392812494645142
0.20165937648982346
0.19793732727495639
0.18626353089650408
0.18545014583543587
0.19589085368620265
0.19663173415361784
0.19756588877622427
0.1869829211024244
0.20793807402922643
0.17717336101183923
0.20738950009065291
0.1950014528280756
0.19219953473657087
0.21035799517815629
0.19556203484385609
0.19698288242007661
0.19221446068685327
0.20091757117299319
0.20105215881382152
0.20874100021839756
0.20615713190332877
0.19670935059097577
0.19150284655942254
0.19322076853732259
0.19046178027395744
0.46636332770126476
0.46523583095741838
0.47256775630162651
0.47098808784532425
0.46397442443651565
0.47209380289940389
0.45180237053450278
0.46903854240761261
0.45091430990362513
0.46659811862173534
0.47486485523062938
0.47127480228005142
0.46059495316876625
0.46798084282077701
0.46836624116846554
0.46475958851857563
0.47060335243406426
0.46407613903637046
0.46255898534142881
0.46140241716725977
0.47304583001124539
0.46180397216057634
0.45714995978044043
0.47586598089932175
0.46320680372677792
0.45749991573394561
0.47432340076974644
0.46415440854162776
0.46447494183381688
0.46230521059612245
0.47438650723407721
0.47465495895777132
1.023867791210044
1.0102274607347574
1.0350655655083869
1.0108177690465308
1.0065835610959619
1.0130938858211664
1.0012526740859218
1.0094067121123316
1.0123762879160958
1.0172472019552874
1.0267748674752728
1.019711147622689
1.01395508230265
1.016671250230496
1.0066804104104616
1.0281508502178702
1.0180828631863101
1.0201211527587331
1.0120228681858465
1.0096281118906796
1.0082971227098021
1.0093341911489202
1.0116354260925982
1.023059619573391
1.0105765105860518
1.0210878369138527
1.0231088252859222
1.0193858745565023
1.023300012275244
0.99790833719514815
1.0185932225017076
1.0128117534369503
1.1207012702007493
1.1127352017957708
1.1072367923122286
1.1102414045294797
1.111672492117926
1.12411929771812
1.1067946124654846
1.1123154805687703
1.105581490132846
1.1122355558301558
1.1129947955202122
1.111623779188208
1.1088576662996346
1.1224524393661059
1.118895921690978
1.1141775190411962
1.1055587506603193
1.113882607550968
1.1114474793962263
1.1178376153861889
1.1149056759034004
1.1051830918492935
1.1151559405414906
1.1253819030238357
1.1149600641837221
1.1017442879752015
1.1070595578944105
1.1183717114091178
1.120674407664304
1.0985334205533035
1.1193375747553029
1.1243745286614844
-0.88394507090845398
-0.90624099506597267
-0.89551089355081592
-0.88480681291090246
-0.88941039561789381
-0.89858266771251238
-0.90330388922713578
-0.8960442964241131
-0.89127188447096095
-0.90364796000944625
-0.89694346717307727
-0.88541665978833395
-0.88498944511710487
-0.89409964476657844
-0.88462109858918958
-0.89676238995747992
-0.90076466337882422
-0.90105442319357976
-0.90435551512225387
-0.89955094158618032
-0.89859676002223132
-0.87874903287365991
-0.88781159886154182
-0.8776358145014419
-0.90393566899920419
-0.89014220932621091
-0.89956869861751609
-0.90745865476272258
-0.89115609806350704
-0.90131084876677714
-0.8898248279629507
-0.87504475764557132
-0.58849412371421861
-0.5901891398066319
-0.59490370483228516
-0.60155583887017694
-0.59134877889967552
-0.59611662727837877
-0.58809152815509569
-0.5922286529203612
-0.58691278734969721
-0.58547774155742294
-0.57987259414443393
-0.59857477370743351
-0.5959285570676931
-0.57795082092399386
-0.5822403942550648
-0.5952377864661581
-0.5691491582991004
-0.61226432563047861
-0.59285290521778766
-0.59225728052043691
-0.58578846029213127
-0.60054155998294512
-0.58973003250752176
-0.58802899486240234
-0.58037153589122292
-0.60517437438272192
-0.59534585354497394
-0.59493556054807961
-0.58196541009650793
-0.57434434941083445
-0.57621209434921317
-0.59572300896229236
0.40509289598314985
0.40188533359534329
0.40299564827043016
0.39752824751535026
0.40474769065832866
0.40250394292767694
0.40786064265583438
0.4019323215421946
0.42381193328367406
0.38992393269928044
0.3985277859786327
0.39870249048331169
0.40473641127941085
0.41077935815455113
0.4029264161843501
0.42774503529130642
0.40642802922643556
0.41517159072867721
0.40297784254591573
0.39761117343572527
0.42353438639997931
0.39675583922798674
0.39137932697436451
0.39773052906460898
0.40509879089873496
0.41486230401425184
0.40135472604236283
0.40147414397136688
0.405748560496204
0.40994256032844195
0.39692770796558879
0.40598271620220994
-0.87428354852774059
-0.86624973470021749
-0.86566191287999172
-0.86146354217541909
-0.85506218754016428
-0.87378947377185301
-0.87684968718768963
-0.86835669349971245
-0.86904504786104286
-0.86905565952269792
-0.86271264263391778
-0.86805857542413856
-0.86224456245295855
-0.86875398521833114
-0.8700633651270373
-0.87592148137871029
-0.86372013748857834
-0.86880061352603899
-0.85939852129561989
-0.86410202499603739
-0.87341842579138962
-0.86740409405997954
-0.87005252716335957
-0.87040721264646692
-0.88028723694811539
-0.86768192162310709
-0.86872048504423194
-0.87904953984924217
-0.86708527188844653
-0.86652199587859891
-0.87847120979001581
-0.87842778542209832
-0.58080355494241975
-0.57685774704587867
-0.58054674332709266
-0.59704626674235683
-0.59162812635292372
-0.57870996782511741
-0.59104716629954757
-0.57464899610642928
-0.57418927917595275
-0.58960830542208476
-0.58110929809024037
-0.57745835344733476
-0.57929667387825801
-0.58667025610466206
-0.58468726872576482
-0.5837584477251696
-0.57047329578114214
-0.57790563257178507
-0.57388890748246868
-0.58110660508544376
-0.57874774502207582
-0.57619398293264612
-0.58443420385514677
-0.58888440493915062
-0.57995431097393058
-0.58629727982644342
-0.58744925678142401
-0.58916857599733696
-0.59408712456967439
-0.58212990938715059
-0.5905746153353082
-0.58934416348923269
-0.9856370058072691
-0.99280847174736797
-0.97904727931887336
-0.97629871468570228
-0.99203824001149543
-0.98607868914972618
-0.98501305760626179
-0.98516560032531642
-0.98260713694600865
-0.98049954303683229
-0.98826772549686881
-0.97748382971943293
-0.99836251161438327
-0.99136239399013271
-0.97594471884120504
-0.98656215213439191
-0.98050732207181435
-0.97398230845546907
-0.96976955775409479
-0.9918787692597848
-0.98914240959315824
-0.98903238249837566
-0.9888372186149269
-0.98104975324730215
-0.99843960425098144
-0.97994996734573758
-0.98363736955856018
-0.9717245139820655
-0.99534523803476649
-0.97829570752610573
-0.98639450725564326
-0.98885797951177656
0.87010402792501851
0.87018774032055934
0.85262813285777495
0.86984839717583373
0.86118083208295848
0.86027298499506799
0.8595178406476317
0.86268165679963194
0.85860088898302467
0.8640738462530374
0.84418819994612548
0.87049645298375289
0.86554602225670108
0.85885478086486655
0.86625423630172982
0.86159431773003003
0.86791758265842422
0.87152669127126581
0.86690557089691589
0.83938428808871501
0.8735546640868318
0.86377090400066514
0.8685409135035369
0.85700395211340807
0.86193328031323591
0.86141001841972897
0.86758054455712597
0.86885586493897615
0.86598303606672722
0.86519564129135307
0.870035182302757
0.87190202210697998
-0.098211517929270131
-0.10619405271056435
-0.097002810089440797
-0.10825613976634557
-0.10159103860314836
-0.092094757167174621
-0.11501935773885541
-0.11255812806170409
-0.12117099146883858
-0.088956034301085646
-0.1025866345519842
-0.10022558810150822
-0.10186780310177151
-0.1049926612389753
-0.1108088045582797
-0.10224214871093082
-0.11146539795308263
-0.099103794638650947
-0.091720505784055079
-0.086260364805810147
-0.11111556401957952
-0.1072033343743963
-0.11112054906377367
-0.11742382715364877
-0.11345878049959005
-0.10540770222396219
-0.096559943010556856
-0.094696078767453409
-0.1112561932102884
-0.099086735708166992
-0.10584514475387564
-0.10236026107584556
0.84387476939927708
0.84356719177985673
0.8432960331941044
0.8384098792156266
0.8381943325569341
0.83812203422204867
0.84077825653515859
0.83545938060835301
0.83968842887557926
0.83729062433662116
0.84687841695988098
0.82869766385166055
0.83315089665096886
0.83690526911196683
0.83556782005808483
0.81881777448849735
0.84462478841566913
0.84776878569614245
0.82316996701436052
0.82562912006775468
0.8464518255572846
0.82448407303321092
0.83706746215917249
0.83543944201996467
0.83296188830284734
0.83897933778263112
0.82773949040331185
0.82357333377958519
0.8314973623464107
0.83466599754621007
0.83771718010295571
0.84244277824203817
0.51436466074961706
0.50684776489034
0.50228829889145932
0.50645995982754433
0.49337203882951752
0.49711765346418368
0.49674358155057463
0.49053571967193149
0.50874468650852478
0.49449294253673887
0.49156266109820862
0.49484842953805902
0.51417712945540361
0.5124234302685845
0.50463850659231357
0.50773795558645862
0.48824153723235614
0.4954711097192972
0.5048329436921839
0.49432809614341749
0.49137820792275005
0.49666641540262413
0.50845982683007862
0.51391220175591501
0.49437760489756855
0.51302824022646865
0.49257776766790767
0.50334932269806909
0.50205059712518985
0.49953621800576548
0.51571569506380521
0.50867092185895979
-0.32378672809116577
-0.3159176597769805
-0.32940943232486664
-0.32083009213125602
-0.31284869343914951
-0.32080063048268292
-0.30883711187426938
-0.3324126115734814
-0.33356714174027541
-0.32614921337124425
-0.32561824020333069
-0.32798795411397907
-0.31279085858660294
-0.32110123652194483
-0.33159848465350322
-0.32920621087437396
-0.3204869812911133
-0.33352493800474176
-0.32097564043918514
-0.33192778804500095
-0.32433996795273168
-0.32200536234888549
-0.33540554545599199
-0.32755082403525065
-0.32708329356694194
-0.32306598932325992
-0.31819753345677326
-0.32462779016110604
-0.33471285128338335
-0.32728038010135607
-0.33108365626569952
-0.32567835808610868
-0.42978658625755911
-0.43033445796854303
-0.42834629277805997
-0.4437655261763751
-0.45054820394022882
-0.44477448958933086
-0.43751209084320869
-0.44199363165528893
-0.44667356087504284
-0.43787461885259132
-0.42774058063196962
-0.43972611543300705
-0.43415646429026239
-0.42110842926265163
-0.44161195585069613
-0.43089759845232439
-0.44861283733177532
-0.44375107879430475
-0.4384693143341537
-0.42857889781336028
-0.43595143110210804
-0.44085464247695683
-0.43198424263280533
-0.42512681082205633
-0.42544135754004386
-0.44364860073173745
-0.43197476410085728
-0.44129403311908688
-0.43133715384993537
-0.42829148736911232
-0.44563942523826033
-0.42002093872773721
0.9948601093452073
1.0110911119000194
0.99601447635433082
1.0057630692329713
1.0220115756287333
1.0201103236459004
1.0248258363152569
1.0073048482034423
1.0021813115074789
1.0021885813374811
1.0328631260303749
1.0178300531273416
1.002321877729073
1.0099804373918557
1.0091988203838707
1.0174036739194048
1.0051298127715369
0.99596907125993484
1.0037639054854992
1.0141936055779617
1.0104452350445809
1.0053463209798792
0.99973675371632198
1.0194065061022035
1.0146257000420218
1.0029815312416748
1.0054347402306707
1.024330008766966
1.0075420832792015
1.0204446529527849
1.0086502928660357
1.0086502509076991
0.55286032333986801
0.56130162531507544
0.56042583979621285
0.54965600440413176
0.57027925783322531
0.55341039101184031
0.55228756515722277
0.56592704927399584
0.5506726638943048
0.55509451911956076
0.55873257888961081
0.5639036398946834
0.54387691934872762
0.5490885199101071
0.53756130622728759
0.56086328595952395
0.55868312251505969
0.56105631816874257
0.55883624646825747
0.55135910230930074
0.56107816482453154
0.54798593741923496
0.54895327008175843
0.55369434073888557
0.56429414183475846
0.54600820827033647
0.57992424722070901
0.55047608963833383
0.54386802023848579
0.55744364825999393
0.54938263688984046
0.56147199410715642
0.29637343033436525
0.28149687582129074
0.29348151691835328
0.28507431130606964
0.29157293629984249
0.28554103857013902
0.28839538386665675
0.29205915943559441
0.30082773082779951
0.28615386320316183
0.29554225940340717
0.30175691142461863
0.28308219211631397
0.2981254501969266
0.28701738268382593
0.29221904187281139
0.29318678346040006
0.28742977666790315
0.30126606078145651
0.29954482010378169
0.29064650663106256
0.28924932340291432
0.29007607853541872
0.29399236758955422
0.29390183213707066
0.27865783878999428
0.29495539410331945
0.29348815230231456
0.28678022765747646
0.28350347170070694
0.276202379179183
0.29210976679368711
-0.32242181050854091
-0.32052583920294181
-0.29678484659115539
-0.32871423919330778
-0.33261561181716343
-0.31137601462901582
-0.33141473537220906
-0.32176427482797987
-0.3172781953004718
-0.32501506034736866
-0.30825982177673439
-0.31735616673711703
-0.31639651507340588
-0.32318327869973684
-0.32586554254475264
-0.31953956231130909
-0.3027632010349422
-0.3183041357488548
-0.31330199929610458
-0.31399328694238349
-0.32482230932113554
-0.31169121472675337
-0.3218681204175175
-0.33155007144885623
-0.33238008949076342
-0.31258897709233557
-0.3025656353591743
-0.3124655814639602
-0.30889308463249981
-0.32672246192667637
-0.34077428070845284
-0.30356392214405153
0.95677214681471867
0.93622187944005042
0.95100782955459462
0.948856348359988
0.94805127055004834
0.94065966233819476
0.95231950048277902
0.95472073345616049
0.93834811534513496
0.9521180894373743
0.93739958186068917
0.95453245369061135
0.9474361299337809
0.95641409703230273
0.95289516902933913
0.93625837174251691
0.94075737150607042
0.94980045040000227
0.9538316818972884
0.95885225133901386
0.93980607815738892
0.94811738809416424
0.9682919743470112
0.95010108866527654
0.94189597648596268
0.93517424814008465
0.95278422080022951
0.95660840840759265
0.9432154466948055
0.95609851606194474
0.95828272762315969
0.96083682572475215
-0.77173325934382964
-0.77923969257262338
-0.78295345201706334
-0.7698107635225232
-0.78795899511640211
-0.76491275915900847
-0.77203715400236428
-0.77933032006155201
-0.79168041808708112
-0.78397790897642783
-0.78917473360165491
-0.78573352666428065
-0.77341460929498129
-0.75932706637166647
-0.78560995387809773
-0.78383168259410085
-0.76065772893720796
-0.77653567701854675
-0.77445657491881836
-0.78283783650473537
-0.76463083017385391
-0.77651905115670072
-0.77111904565920297
-0.77055633241499011
-0.76477647609936472
-0.77389168343206516
-0.78186328278049888
-0.77274706851812336
-0.77774602146996996
-0.79116086121389573
-0.78203535718067874
-0.78938345196042214
0.074810720760426594
0.072283991368849942
0.073221111584640328
0.062870737914061101
0.080371649179784954
0.077463326032242152
0.084526197616103887
0.06643889990198848
0.071996330081478932
0.0706461960724621
0.079581518342991861
0.070374534742507253
0.080273497942931232
0.067113865219679436
0.079455571770047279
0.077113873893676174
0.075539326098984144
0.074480267869673197
0.075114939855388363
0.083518223037807413
0.084078841581477437
0.083133761660137376
0.077059258521063101
0.071841242212746542
0.071099791008088914
0.073919107952052476
0.075348529860571126
0.071309761045101727
0.066355715693313139
0.067567212063867427
0.081886820719881737
0.070384090608499483
-0.19784328864210726
-0.20092198241853343
-0.19523136547743247
-0.19958453427647799
-0.18860479370812491
-0.19600637956505412
-0.20653554466905044
-0.19753192062371519
-0.20633011382317212
-0.200651757716347
-0.19053554752343896
-0.20863158898516859
-0.19330461139051039
-0.1982346512027241
-0.1895117930116734
-0.19755462455477302
-0.1902270069608176
-0.19676656598264497
-0.18830539073739674
-0.19573560935054318
-0.20350480336618432
-0.19621100855159498
-0.19733488383548822
-0.18374132793973444
-0.20382798960178244
-0.20973025764989325
-0.18767084591632865
-0.20259833645780617
-0.21094906374669301
-0.20495039381025179
-0.20362778163544343
-0.20091159415058596
-1.0336300224500921
-1.0528846452590415
-1.0460718834495968
-1.0472000090702758
-1.0555932577986435
-1.0648266196815297
-1.0362979868245055
-1.0549026016611616
-1.0576487885097856
-1.0466271180756481
-1.0578742737117148
-1.0553815653775913
-1.0434420214689819
-1.0548355151847753
-1.0494719623236246
-1.0540036120018719
-1.0392201092600284
-1.063694256785086
-1.0730413490324655
-1.0502772508208733
-1.053652425145456
-1.0286532276478251
-1.050312656710725
-1.0501760601164056
-1.044836175582039
-1.0486467966963811
-1.0460874045161095
-1.0581399879958986
-1.0534353180105314
-1.0394093793767101
-1.0603695009239615
-1.0539507726935178
0.81204100353547271
0.81500796435925127
0.80950487315470843
0.81424449623120976
0.81562898622515112
0.81008001131592056
0.80341454983287497
0.81296490823833967
0.80472750649516112
0.80489677602845233
0.81917277744533989
0.81304516459267551
0.80051553794174901
0.79537905676518506
0.80286132250996134
0.81124210342616754
0.81398068204007168
0.8090207974098047
0.82517376748676485
0.80832509349806225
0.80134525065280693
0.8084258257965119
0.81659959009400918
0.81274530211719942
0.81197731713579457
0.81966484395952999
0.81762519023080693
0.82168969538612346
0.80607918293081016
0.81268637793720933
0.81161516928842992
0.81086491984786135
0.63129515740809294
0.62054089566046833
0.62057102017637522
0.60754670177165793
0.61452995955222067
0.62102669162536606
0.61804340450790896
0.60927138147811932
0.62190038755256627
0.61670084954472293
0.62536589680277155
0.62233086245496361
0.62504431811683159
0.61035205449673025
0.61213870100031154
0.62437563894919823
0.64057775755413437
0.62321341428619736
0.62242205692438823
0.61493825419521686
0.63424851005419269
0.62056201352539042
0.61802180673114981
0.62138181057240038
0.61437992308479528
0.62352523749569577
0.61943654209200794
0.6169372767159832
0.60702500745738819
0.60930869759080686
0.61515954955684571
0.60031667383670928
0.95087335244666105
0.95749403417529588
0.95727305262896367
0.9745090833012835
0.94151305578427014
0.95565542042684382
0.95406509824923158
0.95948257398831371
0.95494748001071228
0.95097425247900624
0.95853118521383296
0.95481204690807986
0.97388277803283774
0.95426831315934002
0.96069297434689793
0.9643271940078485
0.96044503100593559
0.95568281946800837
0.95647365971214482
0.95548718777693764
0.95024723010774514
0.95766037478456123
0.96994320112733734
0.96860953858275978
0.95027882623265891
0.96379656673418601
0.95701736222630485
0.95598080809904573
0.95503719900831019
0.96388143138392446
0.94998246797263475
0.95016068154496836
0.45344646717258741
0.42991225341736422
0.43966885314827053
0.44719308369981958
0.44324322853891834
0.44144971571630898
0.45848263915699522
0.45425475006413968
0.44663197313782022
0.45188584260631814
0.44349586791982637
0.44136834645534717
0.45352909610632663
0.45482688813179428
0.43475580951166864
0.456164415596922
0.46045599375819585
0.45174250726353588
0.43525304838541268
0.45009035559478389
0.43932269210707475
0.4539726554236298
0.44418379539787795
0.44357907003220254
0.43736986046559478
0.44367627582706459
0.44553103605826672
0.43333738571268143
0.43941824320020317
0.43628728553831159
0.45232287319911896
0.44538675791177684
1.0068089049494591
1.0190112707631538
1.0115787267599721
1.0088731462875655
1.0074648380953068
1.0198591772555525
1.0115202963940146
0.99690132400310139
1.005663720675229
1.0083782194440196
0.99212857964449708
1.0180114229994666
1.0206406004744102
1.0033344840772285
1.0188630053764145
1.0145241706660253
1.0123814280042589
1.0036394380452478
1.0251150048821027
1.0133307511065908
1.0048038975843467
1.0168904648414367
1.0114948001285213
1.0036955799119784
1.0162714141877776
1.0135127101169981
0.99517528137304756
1.0102161832509888
1.0137529549199267
1.0175936357784159
1.0195231807264973
1.0116784887774199
-0.16720010802674568
-0.17835628960175326
-0.17047496205818147
-0.17511089676149036
-0.16289966804701403
-0.15997749586522755
-0.17400456786655907
-0.18683627427660582
-0.16701497134542767
-0.16143658061925417
-0.17157210198065617
-0.180814941842843
-0.16430600091569397
-0.17616007331405367
-0.1690041454874231
-0.17109618382499117
-0.16383380083609325
-0.18038329005653353
-0.159904273475345
-0.16709243768267765
-0.15254568652638606
-0.17776275899183419
-0.18680339658009684
-0.1706108291271469
-0.18104861277221779
-0.16957249658234649
-0.18549212911801058
-0.16333400714916299
-0.16913559016880642
-0.16427658739928666
-0.17071106057766319
-0.18058976945994659
0.89869364413151198
0.90022739607377011
0.9023948503075474
0.88624675145000265
0.89151579067408804
0.89486134535782991
0.88596335279066363
0.89057394237348497
0.8912880618245782
0.89758372030048472
0.87566751261534503
0.90231067098348716
0.8909294237750579
0.89127106323420546
0.88623113731699321
0.89899604000916622
0.89603434234969359
0.89143595053823965
0.89852354587716399
0.88617125914891492
0.89721085166764525
0.88396693663521253
0.88792053860971987
0.90517497615942144
0.88577881377859569
0.88479141145385409
0.88922695751833047
0.89243891808570053
0.89515135842838456
0.89176886504392394
0.89106238845141539
0.8914187640775294
-0.088437716115668891
-0.12161316279199362
-0.10635281706278973
-0.10195489301036506
-0.11623842836720348
-0.10390443045538046
-0.10404709676580606
-0.12997023488250584
-0.093067740212467442
-0.10032788293197011
-0.10459818351744299
-0.11502003136771345
-0.10992111511470626
-0.11404798796139609
-0.11430289981001386
-0.10014105013653986
-0.12577821817303395
-0.12666599168109186
-0.11359370862499811
-0.10275823715694829
-0.11689856693618211
-0.10281072159144396
-0.11412484488431221
-0.10965251349057067
-0.10928230653494272
-0.10602626814701702
-0.10421433033707601
-0.11028150368904135
-0.11652624558721122
-0.12021788267586495
-0.098989906438987613
-0.10578110657913441
-0.43359736580032904
-0.44752822926754948
-0.43715466317726193
-0.43466814760486799
-0.43188598626102387
-0.44234605808143346
-0.43143614826075966
-0.45236737806301741
-0.44384518010607454
-0.44993877168793489
-0.45244676252481497
-0.44120499392754264
-0.43440245078361878
-0.44801504347476623
-0.44609627183583206
-0.44672198919168354
-0.44650858786433972
-0.43549774089954246
-0.4339083487596363
-0.45405620322807577
-0.43826273031504154
-0.43871786179154892
-0.44607471338803589
-0.45598346513707244
-0.44390127556634595
-0.45226732710447815
-0.43902879463067024
-0.43923394966022961
-0.43093686060985426
-0.44666792055204224
-0.44074329159910297
-0.44494220796968587
-0.37206346664704892
-0.38049412014762551
-0.37960774883764037
-0.38443320551021454
-0.37534309683619999
-0.37478301603350694
-0.36187525361375583
-0.37254860671190088
-0.37756485473337331
-0.36739180113540948
-0.36787971974843819
-0.37911990062882955
-0.37420166752116207
-0.37825041909756191
-0.37765926007874262
-0.37519146048352009
-0.37750949844441573
-0.38105273083357838
-0.37279263956708436
-0.38014727364854151
-0.39092591878782734
-0.3811195265902288
-0.36758547128193775
-0.37355061743666285
-0.37150388906010545
-0.37452864774323491
-0.38274142912695874
-0.38833659644803259
-0.38723966929899262
-0.3764530559320135
-0.37875667125232831
-0.37530813565190158
-0.32787807615604492
-0.30512886020502633
-0.3295808565000658
-0.31203070490822815
-0.32599175444735168
-0.31238361567002865
-0.30754599757192685
-0.30849957759499946
-0.31086806006577167
-0.31834094084435721
-0.33488819073510845
-0.3362010649576177
-0.32084156407453879
-0.31536979578252095
-0.3337303566091771
-0.3133077323221049
-0.3224329607514767
-0.33152705747109762
-0.32095330635722857
-0.30416615781181378
-0.32758954954058839
-0.32024677166498672
-0.3198323001483187
-0.32586409391827476
-0.31352671310925556
-0.31082640912885112
-0.31751321387367581
-0.31027296960986583
-0.32133642446325117
-0.31632482109678384
-0.33124472101536045
-0.31347275498605282
0.2894298683499032
0.27626731582187464
0.28981168590975426
0.27841247467003505
0.2812148739024764
0.29632560678924336
0.29604643348637144
0.28138800687791343
0.27104673629886256
0.29440787918845152
0.27949879637770969
0.2953746232951866
0.29544356729073484
0.29284696657294762
0.3062835508388847
0.29554302233012941
0.28836311467657899
0.28561924894022578
0.28929835460913622
0.29210095174310791
0.27859376933033581
0.28682242538742497
0.28944612289396299
0.2766491708209074
0.27830864504632419
0.29163161515609726
0.27736060447097788
0.29916408718175558
0.29347085849545856
0.29164525354053045
0.28378645923910634
0.28070828316609497
0.41088925491728817
0.41231109611157973
0.41753403692515528
0.38725451731798632
0.41329729135178633
0.41567971810964738
0.40410384517746212
0.41236316928973948
0.40451361552628651
0.40522613198049579
0.39753097378864816
0.41528406681507124
0.41011593747171321
0.40638933042262748
0.40638907993864676
0.4120269468793335
0.4212484857784809
0.42130795421839429
0.41080705123829159
0.40273623634860772
0.41434638021119935
0.3957516159806938
0.42212967904966731
0.41591890968511053
0.40530180816197914
0.40795007389866372
0.40364662670863066
0.41271802457545514
0.40207925220779955
0.4100339537699359
0.40419910160454697
0.39479238553980872
0.34930875514788268
0.34605020972769662
0.34208122989286788
0.33893188692907128
0.34506450927198679
0.34544301995720944
0.34270214991899078
0.34400024870598528
0.34694991866569641
0.34177391508936955
0.35598151956286078
0.35183772420922554
0.35439152208868396
0.34209170267268468
0.3456321901633177
0.35059932059661025
0.34898232010012997
0.34406740871872454
0.34447470541446679
0.35413469711552137
0.3568510470320968
0.36225316226707921
0.34733738149283833
0.3554791485181385
0.35621053062947905
0.35191358205143231
0.35089574614735053
0.34985157620674096
0.35671196528427784
0.35677294915580915
0.34320872036604505
0.34732121844895825
-0.99024648958992978
-0.98201711097519784
-0.98744286891775179
-0.98068654011015055
-0.97236500780573831
-0.98741819553623833
-0.97483809715890735
-0.98158712226341338
-0.98468053185790783
-0.9845351575107768
-0.98428727207163469
-0.97782221802753677
-0.96830256627387068
-0.98245791679339733
-0.98576350514847288
-0.97373968198893868
-0.97776044936049478
-0.98916833223502532
-0.9764485129061039
-0.98570830700447953
-0.98121780320043339
-0.97742615196264082
-0.98756975466413166
-0.9846527324015385
-0.97953496948787344
-0.99489406689080628
-0.98633293474852368
-0.99784766965184291
-0.98170630353022414
-0.98486801320210959
-0.99178878203283383
-0.98935022539004702
-1.2107728612594644
-1.1979670401890494
-1.2041351947755672
-1.1967069993960604
-1.1901037634692591
-1.2009718024688987
-1.2057038686856605
-1.1870605375921659
-1.202047391735996
-1.1881859510441981
-1.193467417132086
-1.1877308332823358
-1.2006931851565628
-1.2103856447815224
-1.2011739362522418
-1.1960018277125593
-1.1828061064861963
-1.2037398613338091
-1.1931044767873267
-1.2075218812650692
-1.1997968748459904
-1.1883321943526823
-1.189187489754594
-1.1933877144277203
-1.196211362799275
-1.1930973962887237
-1.1893317273048891
-1.1979950629081908
-1.1979817817762148
-1.195605223569925
-1.1943364419903602
-1.2107834851838488
-1.0789616497936247
-1.0797033129260125
-1.077547903268806
-1.0822384472403925
-1.0688342042769465
-1.0709753690043848
-1.0762822836798094
-1.0530073384980809
-1.0704267074912188
-1.066541074545255
-1.0740205605817081
-1.0718985096472999
-1.0683412302048829
-1.0822073707112299
-1.0883726401484319
-1.060563471272898
-1.0898857199540386
-1.0874023378383921
-1.0787094565187976
-1.0816973466833943
-1.075795760833296
-1.064154061439996
-1.0702296071719046
-1.0933154108763876
-1.0815110999875788
-1.0750377820420214
-1.0780187059639585
-1.0927088142542984
-1.0818018580254101
-1.0681628892826263
-1.07690837401621
-1.0812664211987719
0.91248094272032743
0.93106703233027077
0.94286514535696186
0.9169274345361681
0.9311855575755652
0.92380855722225619
0.91463585691373162
0.91168000916768122
0.92606719135868909
0.92239353733143636
0.91757049420436909
0.92530682899070638
0.92695531389282948
0.94375713012801488
0.92242973335230438
0.91747597369734957
0.91524250732612988
0.92749701486070724
0.92993057013677194
0.9220649752866692
0.93129280645201862
0.92445874157926866
0.92170477583460808
0.91966634694946847
0.92395450706777471
0.92554280395635902
0.92081928528937729
0.91525525960697784
0.91503839112910412
0.93283313993888528
0.9190570377806494
0.93817092639033672
-0.78072200045817275
-0.77039567517277052
-0.77225964878718134
-0.78033605599108469
-0.78407081655999444
-0.77688474610060143
-0.7604922115452506
-0.77721608228333483
-0.76758517949058291
-0.7670014292888615
-0.7653814335959862
-0.78888040601536003
-0.77560761152183888
-0.7868042083702711
-0.76688664691727104
-0.76470590419489459
-0.76171155845095195
-0.76448312073867641
-0.76060292317945222
-0.76206277653734744
-0.76696355099222213
-0.76302267494146014
-0.77715211394565242
-0.76850434702005421
-0.77837024704695668
-0.7752221187828594
-0.76897427901005966
-0.75900889392333326
-0.77171845756464441
-0.76492526092188007
-0.76960415821864436
-0.7593608754162392
-1.3044017603359954
-1.3141127403787021
-1.3021921017731315
-1.3074650862881729
-1.3109383588527148
-1.296340942802394
-1.3099069298575614
-1.3150803039616168
-1.327343832052722
-1.3221911679878833
-1.3029017247819739
-1.3365456571043175
-1.3021712684565991
-1.3195673061770026
-1.3196718865543646
-1.3025222392004971
-1.3243958609513187
-1.3152115175425445
-1.3176854371421864
-1.3123387642477151
-1.3011477405514302
-1.2954176697179172
-1.3237157644351858
-1.3186300210646134
-1.2897258361951198
-1.3039467792259885
-1.2936876906808672
-1.2945478644337682
-1.3091401171385801
-1.3161373702155301
-1.3024647830212257
-1.3062773788628559
-1
